filename,width,height,aspect_ratio,category,suggested_use,path
3729242727107048.jpg,960,720,1.33,square,Galeria Grid / Eventos,/home/horyu/Projetos/ciclismo_santa_helena_midias/facebook_fotos_organizadas/03_quadradas_galeria/3729242727107048.jpg
555512969919320.jpg,1600,720,2.22,hero,Banner Hero / Carrossel Principal,/home/horyu/Projetos/ciclismo_santa_helena_midias/facebook_fotos_organizadas/01_banners_hero/555512969919320.jpg
4003279213036730.jpg,1440,1080,1.33,hero,Banner Hero / Carrossel Principal,/home/horyu/Projetos/ciclismo_santa_helena_midias/facebook_fotos_organizadas/01_banners_hero/4003279213036730.jpg
262523902551563.jpg,726,960,0.76,mobile,Card Vertical / Mobile Stories,/home/horyu/Projetos/ciclismo_santa_helena_midias/facebook_fotos_organizadas/02_retratos_mobile/262523902551563.jpg
4116246615073322.jpg,960,853,1.13,square,Galeria Grid / Eventos,/home/horyu/Projetos/ciclismo_santa_helena_midias/facebook_fotos_organizadas/03_quadradas_galeria/4116246615073322.jpg
237163285087625.jpg,960,720,1.33,square,Galeria Grid / Eventos,/home/horyu/Projetos/ciclismo_santa_helena_midias/facebook_fotos_organizadas/03_quadradas_galeria/237163285087625.jpg
507774591359825.jpg,899,960,0.94,square,Galeria Grid / Eventos,/home/horyu/Projetos/ciclismo_santa_helena_midias/facebook_fotos_organizadas/03_quadradas_galeria/507774591359825.jpg
4356605187704129.jpg,1072,1340,0.8,mobile,Card Vertical / Mobile Stories,/home/horyu/Projetos/ciclismo_santa_helena_midias/facebook_fotos_organizadas/02_retratos_mobile/4356605187704129.jpg
216636280473659.jpg,1080,1221,0.88,square,Galeria Grid / Eventos,/home/horyu/Projetos/ciclismo_santa_helena_midias/facebook_fotos_organizadas/03_quadradas_galeria/216636280473659.jpg
246303000840320.jpg,960,960,1.0,square,Galeria Grid / Eventos,/home/horyu/Projetos/ciclismo_santa_helena_midias/facebook_fotos_organizadas/03_quadradas_galeria/246303000840320.jpg
394376892699596.jpg,960,960,1.0,square,Galeria Grid / Eventos,/home/horyu/Projetos/ciclismo_santa_helena_midias/facebook_fotos_organizadas/03_quadradas_galeria/394376892699596.jpg
518889163581701.jpg,960,716,1.34,square,Galeria Grid / Eventos,/home/horyu/Projetos/ciclismo_santa_helena_midias/facebook_fotos_organizadas/03_quadradas_galeria/518889163581701.jpg
221108800026407.jpg,1080,923,1.17,square,Galeria Grid / Eventos,/home/horyu/Projetos/ciclismo_santa_helena_midias/facebook_fotos_organizadas/03_quadradas_galeria/221108800026407.jpg
587309240073026.jpg,1024,1280,0.8,mobile,Card Vertical / Mobile Stories,/home/horyu/Projetos/ciclismo_santa_helena_midias/facebook_fotos_organizadas/02_retratos_mobile/587309240073026.jpg
225333999603887.jpg,960,580,1.66,thumb,Thumbnail / Ícone,/home/horyu/Projetos/ciclismo_santa_helena_midias/facebook_fotos_organizadas/04_pequenas_thumbnails/225333999603887.jpg
254785226658764.jpg,810,810,1.0,square,Galeria Grid / Eventos,/home/horyu/Projetos/ciclismo_santa_helena_midias/facebook_fotos_organizadas/03_quadradas_galeria/254785226658764.jpg
358365149634104.jpg,720,405,1.78,thumb,Thumbnail / Ícone,/home/horyu/Projetos/ciclismo_santa_helena_midias/facebook_fotos_organizadas/04_pequenas_thumbnails/358365149634104.jpg
273742854763001.jpg,1034,726,1.42,hero,Banner Hero / Carrossel Principal,/home/horyu/Projetos/ciclismo_santa_helena_midias/facebook_fotos_organizadas/01_banners_hero/273742854763001.jpg
3742862095745111.jpg,749,1129,0.66,mobile,Card Vertical / Mobile Stories,/home/horyu/Projetos/ciclismo_santa_helena_midias/facebook_fotos_organizadas/02_retratos_mobile/3742862095745111.jpg
565923778878239.jpg,2048,1536,1.33,hero,Banner Hero / Carrossel Principal,/home/horyu/Projetos/ciclismo_santa_helena_midias/facebook_fotos_organizadas/01_banners_hero/565923778878239.jpg
4368347129863268.jpg,1612,2015,0.8,mobile,Card Vertical / Mobile Stories,/home/horyu/Projetos/ciclismo_santa_helena_midias/facebook_fotos_organizadas/02_retratos_mobile/4368347129863268.jpg
4098894223475228.jpg,1440,990,1.45,hero,Banner Hero / Carrossel Principal,/home/horyu/Projetos/ciclismo_santa_helena_midias/facebook_fotos_organizadas/01_banners_hero/4098894223475228.jpg
284147817055838.jpg,1440,959,1.5,hero,Banner Hero / Carrossel Principal,/home/horyu/Projetos/ciclismo_santa_helena_midias/facebook_fotos_organizadas/01_banners_hero/284147817055838.jpg
4135508793147104.jpg,1080,1350,0.8,mobile,Card Vertical / Mobile Stories,/home/horyu/Projetos/ciclismo_santa_helena_midias/facebook_fotos_organizadas/02_retratos_mobile/4135508793147104.jpg
394376982699587.jpg,695,378,1.84,thumb,Thumbnail / Ícone,/home/horyu/Projetos/ciclismo_santa_helena_midias/facebook_fotos_organizadas/04_pequenas_thumbnails/394376982699587.jpg
627780632692553.jpg,1356,900,1.51,hero,Banner Hero / Carrossel Principal,/home/horyu/Projetos/ciclismo_santa_helena_midias/facebook_fotos_organizadas/01_banners_hero/627780632692553.jpg
295742062563080.jpg,1080,722,1.5,hero,Banner Hero / Carrossel Principal,/home/horyu/Projetos/ciclismo_santa_helena_midias/facebook_fotos_organizadas/01_banners_hero/295742062563080.jpg
319123130224973.jpg,960,777,1.24,square,Galeria Grid / Eventos,/home/horyu/Projetos/ciclismo_santa_helena_midias/facebook_fotos_organizadas/03_quadradas_galeria/319123130224973.jpg
286366043500682.jpg,1080,803,1.34,hero,Banner Hero / Carrossel Principal,/home/horyu/Projetos/ciclismo_santa_helena_midias/facebook_fotos_organizadas/01_banners_hero/286366043500682.jpg
443932811077337.jpg,720,525,1.37,thumb,Thumbnail / Ícone,/home/horyu/Projetos/ciclismo_santa_helena_midias/facebook_fotos_organizadas/04_pequenas_thumbnails/443932811077337.jpg
3658876564143665.jpg,960,720,1.33,square,Galeria Grid / Eventos,/home/horyu/Projetos/ciclismo_santa_helena_midias/facebook_fotos_organizadas/03_quadradas_galeria/3658876564143665.jpg
310760591061227.jpg,960,809,1.19,square,Galeria Grid / Eventos,/home/horyu/Projetos/ciclismo_santa_helena_midias/facebook_fotos_organizadas/03_quadradas_galeria/310760591061227.jpg
3741580715873249.jpg,768,960,0.8,mobile,Card Vertical / Mobile Stories,/home/horyu/Projetos/ciclismo_santa_helena_midias/facebook_fotos_organizadas/02_retratos_mobile/3741580715873249.jpg
4265074960190486.jpg,1069,1336,0.8,mobile,Card Vertical / Mobile Stories,/home/horyu/Projetos/ciclismo_santa_helena_midias/facebook_fotos_organizadas/02_retratos_mobile/4265074960190486.jpg
562377282566222.jpg,1280,1277,1.0,square,Galeria Grid / Eventos,/home/horyu/Projetos/ciclismo_santa_helena_midias/facebook_fotos_organizadas/03_quadradas_galeria/562377282566222.jpg
262523982551555.jpg,960,720,1.33,square,Galeria Grid / Eventos,/home/horyu/Projetos/ciclismo_santa_helena_midias/facebook_fotos_organizadas/03_quadradas_galeria/262523982551555.jpg
451783110292307.jpg,960,960,1.0,square,Galeria Grid / Eventos,/home/horyu/Projetos/ciclismo_santa_helena_midias/facebook_fotos_organizadas/03_quadradas_galeria/451783110292307.jpg
3829331983764788.jpg,960,720,1.33,square,Galeria Grid / Eventos,/home/horyu/Projetos/ciclismo_santa_helena_midias/facebook_fotos_organizadas/03_quadradas_galeria/3829331983764788.jpg
372610691542883.jpg,540,679,0.8,thumb,Thumbnail / Ícone,/home/horyu/Projetos/ciclismo_santa_helena_midias/facebook_fotos_organizadas/04_pequenas_thumbnails/372610691542883.jpg
358127376324548.jpg,719,885,0.81,mobile,Card Vertical / Mobile Stories,/home/horyu/Projetos/ciclismo_santa_helena_midias/facebook_fotos_organizadas/02_retratos_mobile/358127376324548.jpg
301535805317039.jpg,1038,787,1.32,hero,Banner Hero / Carrossel Principal,/home/horyu/Projetos/ciclismo_santa_helena_midias/facebook_fotos_organizadas/01_banners_hero/301535805317039.jpg
216127887191165.jpg,786,960,0.82,mobile,Card Vertical / Mobile Stories,/home/horyu/Projetos/ciclismo_santa_helena_midias/facebook_fotos_organizadas/02_retratos_mobile/216127887191165.jpg
222076563262964.jpg,1080,630,1.71,hero,Banner Hero / Carrossel Principal,/home/horyu/Projetos/ciclismo_santa_helena_midias/facebook_fotos_organizadas/01_banners_hero/222076563262964.jpg
4124091467622170.jpg,768,768,1.0,square,Galeria Grid / Eventos,/home/horyu/Projetos/ciclismo_santa_helena_midias/facebook_fotos_organizadas/03_quadradas_galeria/4124091467622170.jpg
754779146659367.jpg,2048,1536,1.33,hero,Banner Hero / Carrossel Principal,/home/horyu/Projetos/ciclismo_santa_helena_midias/facebook_fotos_organizadas/01_banners_hero/754779146659367.jpg
340833378053948.jpg,823,1024,0.8,mobile,Card Vertical / Mobile Stories,/home/horyu/Projetos/ciclismo_santa_helena_midias/facebook_fotos_organizadas/02_retratos_mobile/340833378053948.jpg
3614869258544396.jpg,768,960,0.8,mobile,Card Vertical / Mobile Stories,/home/horyu/Projetos/ciclismo_santa_helena_midias/facebook_fotos_organizadas/02_retratos_mobile/3614869258544396.jpg
555513059919311.jpg,1600,720,2.22,hero,Banner Hero / Carrossel Principal,/home/horyu/Projetos/ciclismo_santa_helena_midias/facebook_fotos_organizadas/01_banners_hero/555513059919311.jpg
4077004712330846.jpg,960,960,1.0,square,Galeria Grid / Eventos,/home/horyu/Projetos/ciclismo_santa_helena_midias/facebook_fotos_organizadas/03_quadradas_galeria/4077004712330846.jpg
342076354596317.jpg,768,768,1.0,square,Galeria Grid / Eventos,/home/horyu/Projetos/ciclismo_santa_helena_midias/facebook_fotos_organizadas/03_quadradas_galeria/342076354596317.jpg
357037149766904.jpg,960,960,1.0,square,Galeria Grid / Eventos,/home/horyu/Projetos/ciclismo_santa_helena_midias/facebook_fotos_organizadas/03_quadradas_galeria/357037149766904.jpg
3927156890648963.jpg,960,960,1.0,square,Galeria Grid / Eventos,/home/horyu/Projetos/ciclismo_santa_helena_midias/facebook_fotos_organizadas/03_quadradas_galeria/3927156890648963.jpg
4183741388323844.jpg,867,867,1.0,square,Galeria Grid / Eventos,/home/horyu/Projetos/ciclismo_santa_helena_midias/facebook_fotos_organizadas/03_quadradas_galeria/4183741388323844.jpg
336218928515393.jpg,960,752,1.28,square,Galeria Grid / Eventos,/home/horyu/Projetos/ciclismo_santa_helena_midias/facebook_fotos_organizadas/03_quadradas_galeria/336218928515393.jpg
4151763978188252.jpg,957,957,1.0,square,Galeria Grid / Eventos,/home/horyu/Projetos/ciclismo_santa_helena_midias/facebook_fotos_organizadas/03_quadradas_galeria/4151763978188252.jpg
295584002578886.jpg,1278,1278,1.0,square,Galeria Grid / Eventos,/home/horyu/Projetos/ciclismo_santa_helena_midias/facebook_fotos_organizadas/03_quadradas_galeria/295584002578886.jpg
274177048052915.jpg,720,960,0.75,mobile,Card Vertical / Mobile Stories,/home/horyu/Projetos/ciclismo_santa_helena_midias/facebook_fotos_organizadas/02_retratos_mobile/274177048052915.jpg
4368454819852499.jpg,1077,808,1.33,hero,Banner Hero / Carrossel Principal,/home/horyu/Projetos/ciclismo_santa_helena_midias/facebook_fotos_organizadas/01_banners_hero/4368454819852499.jpg
742167677920514.jpg,1024,768,1.33,hero,Banner Hero / Carrossel Principal,/home/horyu/Projetos/ciclismo_santa_helena_midias/facebook_fotos_organizadas/01_banners_hero/742167677920514.jpg
232962915507662.jpg,1080,809,1.33,hero,Banner Hero / Carrossel Principal,/home/horyu/Projetos/ciclismo_santa_helena_midias/facebook_fotos_organizadas/01_banners_hero/232962915507662.jpg
4197473303617319.jpg,1080,865,1.25,square,Galeria Grid / Eventos,/home/horyu/Projetos/ciclismo_santa_helena_midias/facebook_fotos_organizadas/03_quadradas_galeria/4197473303617319.jpg
3714899378541383.jpg,960,720,1.33,square,Galeria Grid / Eventos,/home/horyu/Projetos/ciclismo_santa_helena_midias/facebook_fotos_organizadas/03_quadradas_galeria/3714899378541383.jpg
4347244871973494.jpg,768,960,0.8,mobile,Card Vertical / Mobile Stories,/home/horyu/Projetos/ciclismo_santa_helena_midias/facebook_fotos_organizadas/02_retratos_mobile/4347244871973494.jpg
299414672195819.jpg,960,720,1.33,square,Galeria Grid / Eventos,/home/horyu/Projetos/ciclismo_santa_helena_midias/facebook_fotos_organizadas/03_quadradas_galeria/299414672195819.jpg
3952140058150646.jpg,590,1280,0.46,thumb,Thumbnail / Ícone,/home/horyu/Projetos/ciclismo_santa_helena_midias/facebook_fotos_organizadas/04_pequenas_thumbnails/3952140058150646.jpg
357036733100279.jpg,581,581,1.0,thumb,Thumbnail / Ícone,/home/horyu/Projetos/ciclismo_santa_helena_midias/facebook_fotos_organizadas/04_pequenas_thumbnails/357036733100279.jpg
214426860694601.jpg,1080,615,1.76,hero,Banner Hero / Carrossel Principal,/home/horyu/Projetos/ciclismo_santa_helena_midias/facebook_fotos_organizadas/01_banners_hero/214426860694601.jpg
555512629919354.jpg,1080,1080,1.0,square,Galeria Grid / Eventos,/home/horyu/Projetos/ciclismo_santa_helena_midias/facebook_fotos_organizadas/03_quadradas_galeria/555512629919354.jpg
233607245443229.jpg,960,720,1.33,square,Galeria Grid / Eventos,/home/horyu/Projetos/ciclismo_santa_helena_midias/facebook_fotos_organizadas/03_quadradas_galeria/233607245443229.jpg
225334062937214.jpg,960,534,1.8,thumb,Thumbnail / Ícone,/home/horyu/Projetos/ciclismo_santa_helena_midias/facebook_fotos_organizadas/04_pequenas_thumbnails/225334062937214.jpg
614720070665276.jpg,1080,654,1.65,hero,Banner Hero / Carrossel Principal,/home/horyu/Projetos/ciclismo_santa_helena_midias/facebook_fotos_organizadas/01_banners_hero/614720070665276.jpg
613088937495056.jpg,1080,559,1.93,thumb,Thumbnail / Ícone,/home/horyu/Projetos/ciclismo_santa_helena_midias/facebook_fotos_organizadas/04_pequenas_thumbnails/613088937495056.jpg
4183753848322598.jpg,590,1280,0.46,thumb,Thumbnail / Ícone,/home/horyu/Projetos/ciclismo_santa_helena_midias/facebook_fotos_organizadas/04_pequenas_thumbnails/4183753848322598.jpg
3961189243912394.jpg,1440,1080,1.33,hero,Banner Hero / Carrossel Principal,/home/horyu/Projetos/ciclismo_santa_helena_midias/facebook_fotos_organizadas/01_banners_hero/3961189243912394.jpg
3745358098828844.jpg,960,960,1.0,square,Galeria Grid / Eventos,/home/horyu/Projetos/ciclismo_santa_helena_midias/facebook_fotos_organizadas/03_quadradas_galeria/3745358098828844.jpg
288474366623183.jpg,864,864,1.0,square,Galeria Grid / Eventos,/home/horyu/Projetos/ciclismo_santa_helena_midias/facebook_fotos_organizadas/03_quadradas_galeria/288474366623183.jpg
710793704391245.jpg,720,720,1.0,square,Galeria Grid / Eventos,/home/horyu/Projetos/ciclismo_santa_helena_midias/facebook_fotos_organizadas/03_quadradas_galeria/710793704391245.jpg
394377059366246.jpg,689,371,1.86,thumb,Thumbnail / Ícone,/home/horyu/Projetos/ciclismo_santa_helena_midias/facebook_fotos_organizadas/04_pequenas_thumbnails/394377059366246.jpg
4267246396640009.jpg,1077,887,1.21,square,Galeria Grid / Eventos,/home/horyu/Projetos/ciclismo_santa_helena_midias/facebook_fotos_organizadas/03_quadradas_galeria/4267246396640009.jpg
4242963189068330.jpg,1097,1280,0.86,square,Galeria Grid / Eventos,/home/horyu/Projetos/ciclismo_santa_helena_midias/facebook_fotos_organizadas/03_quadradas_galeria/4242963189068330.jpg
3871742386190414.jpg,1440,1080,1.33,hero,Banner Hero / Carrossel Principal,/home/horyu/Projetos/ciclismo_santa_helena_midias/facebook_fotos_organizadas/01_banners_hero/3871742386190414.jpg
4141984875832829.jpg,960,502,1.91,thumb,Thumbnail / Ícone,/home/horyu/Projetos/ciclismo_santa_helena_midias/facebook_fotos_organizadas/04_pequenas_thumbnails/4141984875832829.jpg
243692204434733.jpg,960,708,1.36,square,Galeria Grid / Eventos,/home/horyu/Projetos/ciclismo_santa_helena_midias/facebook_fotos_organizadas/03_quadradas_galeria/243692204434733.jpg
4315275201837128.jpg,905,1131,0.8,mobile,Card Vertical / Mobile Stories,/home/horyu/Projetos/ciclismo_santa_helena_midias/facebook_fotos_organizadas/02_retratos_mobile/4315275201837128.jpg
243691831101437.jpg,960,678,1.42,square,Galeria Grid / Eventos,/home/horyu/Projetos/ciclismo_santa_helena_midias/facebook_fotos_organizadas/03_quadradas_galeria/243691831101437.jpg
216127643857856.jpg,814,960,0.85,mobile,Card Vertical / Mobile Stories,/home/horyu/Projetos/ciclismo_santa_helena_midias/facebook_fotos_organizadas/02_retratos_mobile/216127643857856.jpg
4167737859924197.jpg,1080,952,1.13,square,Galeria Grid / Eventos,/home/horyu/Projetos/ciclismo_santa_helena_midias/facebook_fotos_organizadas/03_quadradas_galeria/4167737859924197.jpg
216127500524537.jpg,804,960,0.84,mobile,Card Vertical / Mobile Stories,/home/horyu/Projetos/ciclismo_santa_helena_midias/facebook_fotos_organizadas/02_retratos_mobile/216127500524537.jpg
246303180840302.jpg,960,960,1.0,square,Galeria Grid / Eventos,/home/horyu/Projetos/ciclismo_santa_helena_midias/facebook_fotos_organizadas/03_quadradas_galeria/246303180840302.jpg
3658878687476786.jpg,960,720,1.33,square,Galeria Grid / Eventos,/home/horyu/Projetos/ciclismo_santa_helena_midias/facebook_fotos_organizadas/03_quadradas_galeria/3658878687476786.jpg
3734335756597745.jpg,1440,960,1.5,hero,Banner Hero / Carrossel Principal,/home/horyu/Projetos/ciclismo_santa_helena_midias/facebook_fotos_organizadas/01_banners_hero/3734335756597745.jpg
310393201097966.jpg,647,647,1.0,square,Galeria Grid / Eventos,/home/horyu/Projetos/ciclismo_santa_helena_midias/facebook_fotos_organizadas/03_quadradas_galeria/310393201097966.jpg
603734575097159.jpg,1080,830,1.3,hero,Banner Hero / Carrossel Principal,/home/horyu/Projetos/ciclismo_santa_helena_midias/facebook_fotos_organizadas/01_banners_hero/603734575097159.jpg
3784098091621511.jpg,1080,1077,1.0,square,Galeria Grid / Eventos,/home/horyu/Projetos/ciclismo_santa_helena_midias/facebook_fotos_organizadas/03_quadradas_galeria/3784098091621511.jpg
364855438985075.jpg,540,414,1.3,thumb,Thumbnail / Ícone,/home/horyu/Projetos/ciclismo_santa_helena_midias/facebook_fotos_organizadas/04_pequenas_thumbnails/364855438985075.jpg
624158096388140.jpg,1024,768,1.33,hero,Banner Hero / Carrossel Principal,/home/horyu/Projetos/ciclismo_santa_helena_midias/facebook_fotos_organizadas/01_banners_hero/624158096388140.jpg
614719700665313.jpg,1080,891,1.21,square,Galeria Grid / Eventos,/home/horyu/Projetos/ciclismo_santa_helena_midias/facebook_fotos_organizadas/03_quadradas_galeria/614719700665313.jpg
221869666616987.jpg,1080,788,1.37,hero,Banner Hero / Carrossel Principal,/home/horyu/Projetos/ciclismo_santa_helena_midias/facebook_fotos_organizadas/01_banners_hero/221869666616987.jpg
3849545525076767.jpg,720,704,1.02,square,Galeria Grid / Eventos,/home/horyu/Projetos/ciclismo_santa_helena_midias/facebook_fotos_organizadas/03_quadradas_galeria/3849545525076767.jpg
555512463252704.jpg,1080,1080,1.0,square,Galeria Grid / Eventos,/home/horyu/Projetos/ciclismo_santa_helena_midias/facebook_fotos_organizadas/03_quadradas_galeria/555512463252704.jpg
246303224173631.jpg,960,960,1.0,square,Galeria Grid / Eventos,/home/horyu/Projetos/ciclismo_santa_helena_midias/facebook_fotos_organizadas/03_quadradas_galeria/246303224173631.jpg
309111364559483.jpg,772,960,0.8,mobile,Card Vertical / Mobile Stories,/home/horyu/Projetos/ciclismo_santa_helena_midias/facebook_fotos_organizadas/02_retratos_mobile/309111364559483.jpg
614719497332000.jpg,1080,694,1.56,hero,Banner Hero / Carrossel Principal,/home/horyu/Projetos/ciclismo_santa_helena_midias/facebook_fotos_organizadas/01_banners_hero/614719497332000.jpg
218215770315710.jpg,960,960,1.0,square,Galeria Grid / Eventos,/home/horyu/Projetos/ciclismo_santa_helena_midias/facebook_fotos_organizadas/03_quadradas_galeria/218215770315710.jpg
402957018508250.jpg,960,720,1.33,square,Galeria Grid / Eventos,/home/horyu/Projetos/ciclismo_santa_helena_midias/facebook_fotos_organizadas/03_quadradas_galeria/402957018508250.jpg
555511593252791.jpg,1280,1277,1.0,square,Galeria Grid / Eventos,/home/horyu/Projetos/ciclismo_santa_helena_midias/facebook_fotos_organizadas/03_quadradas_galeria/555511593252791.jpg
236448431825777.jpg,960,670,1.43,square,Galeria Grid / Eventos,/home/horyu/Projetos/ciclismo_santa_helena_midias/facebook_fotos_organizadas/03_quadradas_galeria/236448431825777.jpg
3829331690431484.jpg,960,720,1.33,square,Galeria Grid / Eventos,/home/horyu/Projetos/ciclismo_santa_helena_midias/facebook_fotos_organizadas/03_quadradas_galeria/3829331690431484.jpg
3767748129923174.jpg,960,720,1.33,square,Galeria Grid / Eventos,/home/horyu/Projetos/ciclismo_santa_helena_midias/facebook_fotos_organizadas/03_quadradas_galeria/3767748129923174.jpg
328440535959899.jpg,1440,1080,1.33,hero,Banner Hero / Carrossel Principal,/home/horyu/Projetos/ciclismo_santa_helena_midias/facebook_fotos_organizadas/01_banners_hero/328440535959899.jpg
3659214900776498.jpg,960,640,1.5,square,Galeria Grid / Eventos,/home/horyu/Projetos/ciclismo_santa_helena_midias/facebook_fotos_organizadas/03_quadradas_galeria/3659214900776498.jpg
4241869632511019.jpg,960,739,1.3,square,Galeria Grid / Eventos,/home/horyu/Projetos/ciclismo_santa_helena_midias/facebook_fotos_organizadas/03_quadradas_galeria/4241869632511019.jpg
4241869069177742.jpg,960,720,1.33,square,Galeria Grid / Eventos,/home/horyu/Projetos/ciclismo_santa_helena_midias/facebook_fotos_organizadas/03_quadradas_galeria/4241869069177742.jpg
3898972186800767.jpg,1280,590,2.17,thumb,Thumbnail / Ícone,/home/horyu/Projetos/ciclismo_santa_helena_midias/facebook_fotos_organizadas/04_pequenas_thumbnails/3898972186800767.jpg
216128867191067.jpg,939,960,0.98,square,Galeria Grid / Eventos,/home/horyu/Projetos/ciclismo_santa_helena_midias/facebook_fotos_organizadas/03_quadradas_galeria/216128867191067.jpg
3714254755272512.jpg,960,720,1.33,square,Galeria Grid / Eventos,/home/horyu/Projetos/ciclismo_santa_helena_midias/facebook_fotos_organizadas/03_quadradas_galeria/3714254755272512.jpg
627780826025867.jpg,1200,1600,0.75,mobile,Card Vertical / Mobile Stories,/home/horyu/Projetos/ciclismo_santa_helena_midias/facebook_fotos_organizadas/02_retratos_mobile/627780826025867.jpg
341283118008974.jpg,899,918,0.98,square,Galeria Grid / Eventos,/home/horyu/Projetos/ciclismo_santa_helena_midias/facebook_fotos_organizadas/03_quadradas_galeria/341283118008974.jpg
3730834963614491.jpg,960,718,1.34,square,Galeria Grid / Eventos,/home/horyu/Projetos/ciclismo_santa_helena_midias/facebook_fotos_organizadas/03_quadradas_galeria/3730834963614491.jpg
3798944553470198.jpg,995,664,1.5,square,Galeria Grid / Eventos,/home/horyu/Projetos/ciclismo_santa_helena_midias/facebook_fotos_organizadas/03_quadradas_galeria/3798944553470198.jpg
451783070292311.jpg,960,960,1.0,square,Galeria Grid / Eventos,/home/horyu/Projetos/ciclismo_santa_helena_midias/facebook_fotos_organizadas/03_quadradas_galeria/451783070292311.jpg
627780606025889.jpg,1323,900,1.47,hero,Banner Hero / Carrossel Principal,/home/horyu/Projetos/ciclismo_santa_helena_midias/facebook_fotos_organizadas/01_banners_hero/627780606025889.jpg
234311408706146.jpg,1080,796,1.36,hero,Banner Hero / Carrossel Principal,/home/horyu/Projetos/ciclismo_santa_helena_midias/facebook_fotos_organizadas/01_banners_hero/234311408706146.jpg
337033865100566.jpg,1068,825,1.29,hero,Banner Hero / Carrossel Principal,/home/horyu/Projetos/ciclismo_santa_helena_midias/facebook_fotos_organizadas/01_banners_hero/337033865100566.jpg
279723574164929.jpg,576,1280,0.45,thumb,Thumbnail / Ícone,/home/horyu/Projetos/ciclismo_santa_helena_midias/facebook_fotos_organizadas/04_pequenas_thumbnails/279723574164929.jpg
642049511265665.jpg,2048,1153,1.78,hero,Banner Hero / Carrossel Principal,/home/horyu/Projetos/ciclismo_santa_helena_midias/facebook_fotos_organizadas/01_banners_hero/642049511265665.jpg
364855715651714.jpg,960,720,1.33,square,Galeria Grid / Eventos,/home/horyu/Projetos/ciclismo_santa_helena_midias/facebook_fotos_organizadas/03_quadradas_galeria/364855715651714.jpg
4135362313161752.jpg,960,792,1.21,square,Galeria Grid / Eventos,/home/horyu/Projetos/ciclismo_santa_helena_midias/facebook_fotos_organizadas/03_quadradas_galeria/4135362313161752.jpg
3575899395774716.jpg,1032,581,1.78,thumb,Thumbnail / Ícone,/home/horyu/Projetos/ciclismo_santa_helena_midias/facebook_fotos_organizadas/04_pequenas_thumbnails/3575899395774716.jpg
3730834853614502.jpg,957,957,1.0,square,Galeria Grid / Eventos,/home/horyu/Projetos/ciclismo_santa_helena_midias/facebook_fotos_organizadas/03_quadradas_galeria/3730834853614502.jpg
3810056255692361.jpg,720,967,0.74,mobile,Card Vertical / Mobile Stories,/home/horyu/Projetos/ciclismo_santa_helena_midias/facebook_fotos_organizadas/02_retratos_mobile/3810056255692361.jpg
3940584425972876.jpg,960,960,1.0,square,Galeria Grid / Eventos,/home/horyu/Projetos/ciclismo_santa_helena_midias/facebook_fotos_organizadas/03_quadradas_galeria/3940584425972876.jpg
4119700354727948.jpg,960,720,1.33,square,Galeria Grid / Eventos,/home/horyu/Projetos/ciclismo_santa_helena_midias/facebook_fotos_organizadas/03_quadradas_galeria/4119700354727948.jpg
627780559359227.jpg,1600,1200,1.33,hero,Banner Hero / Carrossel Principal,/home/horyu/Projetos/ciclismo_santa_helena_midias/facebook_fotos_organizadas/01_banners_hero/627780559359227.jpg
275712231232730.jpg,640,960,0.67,mobile,Card Vertical / Mobile Stories,/home/horyu/Projetos/ciclismo_santa_helena_midias/facebook_fotos_organizadas/02_retratos_mobile/275712231232730.jpg
4197474990283817.jpg,1080,852,1.27,hero,Banner Hero / Carrossel Principal,/home/horyu/Projetos/ciclismo_santa_helena_midias/facebook_fotos_organizadas/01_banners_hero/4197474990283817.jpg
236498815154072.jpg,1080,819,1.32,hero,Banner Hero / Carrossel Principal,/home/horyu/Projetos/ciclismo_santa_helena_midias/facebook_fotos_organizadas/01_banners_hero/236498815154072.jpg
287721493365137.jpg,1054,806,1.31,hero,Banner Hero / Carrossel Principal,/home/horyu/Projetos/ciclismo_santa_helena_midias/facebook_fotos_organizadas/01_banners_hero/287721493365137.jpg
4193090937388889.jpg,960,706,1.36,square,Galeria Grid / Eventos,/home/horyu/Projetos/ciclismo_santa_helena_midias/facebook_fotos_organizadas/03_quadradas_galeria/4193090937388889.jpg
4254862197878429.jpg,1440,1080,1.33,hero,Banner Hero / Carrossel Principal,/home/horyu/Projetos/ciclismo_santa_helena_midias/facebook_fotos_organizadas/01_banners_hero/4254862197878429.jpg
268245991979354.jpg,720,960,0.75,mobile,Card Vertical / Mobile Stories,/home/horyu/Projetos/ciclismo_santa_helena_midias/facebook_fotos_organizadas/02_retratos_mobile/268245991979354.jpg
4183751871656129.jpg,810,810,1.0,square,Galeria Grid / Eventos,/home/horyu/Projetos/ciclismo_santa_helena_midias/facebook_fotos_organizadas/03_quadradas_galeria/4183751871656129.jpg
3790378307660156.jpg,1440,1080,1.33,hero,Banner Hero / Carrossel Principal,/home/horyu/Projetos/ciclismo_santa_helena_midias/facebook_fotos_organizadas/01_banners_hero/3790378307660156.jpg
3814267931937860.jpg,577,721,0.8,thumb,Thumbnail / Ícone,/home/horyu/Projetos/ciclismo_santa_helena_midias/facebook_fotos_organizadas/04_pequenas_thumbnails/3814267931937860.jpg
381909100613042.jpg,1280,1280,1.0,square,Galeria Grid / Eventos,/home/horyu/Projetos/ciclismo_santa_helena_midias/facebook_fotos_organizadas/03_quadradas_galeria/381909100613042.jpg
274176558052964.jpg,960,720,1.33,square,Galeria Grid / Eventos,/home/horyu/Projetos/ciclismo_santa_helena_midias/facebook_fotos_organizadas/03_quadradas_galeria/274176558052964.jpg
299414745529145.jpg,960,720,1.33,square,Galeria Grid / Eventos,/home/horyu/Projetos/ciclismo_santa_helena_midias/facebook_fotos_organizadas/03_quadradas_galeria/299414745529145.jpg
3943414509023201.jpg,591,739,0.8,thumb,Thumbnail / Ícone,/home/horyu/Projetos/ciclismo_santa_helena_midias/facebook_fotos_organizadas/04_pequenas_thumbnails/3943414509023201.jpg
275712274566059.jpg,960,640,1.5,square,Galeria Grid / Eventos,/home/horyu/Projetos/ciclismo_santa_helena_midias/facebook_fotos_organizadas/03_quadradas_galeria/275712274566059.jpg
3993582074006444.jpg,960,960,1.0,square,Galeria Grid / Eventos,/home/horyu/Projetos/ciclismo_santa_helena_midias/facebook_fotos_organizadas/03_quadradas_galeria/3993582074006444.jpg
374190288051590.jpg,1280,905,1.41,hero,Banner Hero / Carrossel Principal,/home/horyu/Projetos/ciclismo_santa_helena_midias/facebook_fotos_organizadas/01_banners_hero/374190288051590.jpg
402957061841579.jpg,960,720,1.33,square,Galeria Grid / Eventos,/home/horyu/Projetos/ciclismo_santa_helena_midias/facebook_fotos_organizadas/03_quadradas_galeria/402957061841579.jpg
4232802703417712.jpg,1080,819,1.32,hero,Banner Hero / Carrossel Principal,/home/horyu/Projetos/ciclismo_santa_helena_midias/facebook_fotos_organizadas/01_banners_hero/4232802703417712.jpg
3722834551081199.jpg,1280,607,2.11,hero,Banner Hero / Carrossel Principal,/home/horyu/Projetos/ciclismo_santa_helena_midias/facebook_fotos_organizadas/01_banners_hero/3722834551081199.jpg
4089720817725902.jpg,960,720,1.33,square,Galeria Grid / Eventos,/home/horyu/Projetos/ciclismo_santa_helena_midias/facebook_fotos_organizadas/03_quadradas_galeria/4089720817725902.jpg
4382519515112696.jpg,1080,1011,1.07,square,Galeria Grid / Eventos,/home/horyu/Projetos/ciclismo_santa_helena_midias/facebook_fotos_organizadas/03_quadradas_galeria/4382519515112696.jpg
614720010665282.jpg,1080,730,1.48,hero,Banner Hero / Carrossel Principal,/home/horyu/Projetos/ciclismo_santa_helena_midias/facebook_fotos_organizadas/01_banners_hero/614720010665282.jpg
279401154197171.jpg,1036,1623,0.64,mobile,Card Vertical / Mobile Stories,/home/horyu/Projetos/ciclismo_santa_helena_midias/facebook_fotos_organizadas/02_retratos_mobile/279401154197171.jpg
239184008218886.jpg,960,960,1.0,square,Galeria Grid / Eventos,/home/horyu/Projetos/ciclismo_santa_helena_midias/facebook_fotos_organizadas/03_quadradas_galeria/239184008218886.jpg
3978590698838915.jpg,960,960,1.0,square,Galeria Grid / Eventos,/home/horyu/Projetos/ciclismo_santa_helena_midias/facebook_fotos_organizadas/03_quadradas_galeria/3978590698838915.jpg
273742951429658.jpg,1080,1020,1.06,square,Galeria Grid / Eventos,/home/horyu/Projetos/ciclismo_santa_helena_midias/facebook_fotos_organizadas/03_quadradas_galeria/273742951429658.jpg
4010038902360761.jpg,1280,960,1.33,hero,Banner Hero / Carrossel Principal,/home/horyu/Projetos/ciclismo_santa_helena_midias/facebook_fotos_organizadas/01_banners_hero/4010038902360761.jpg
217429337061020.jpg,960,610,1.57,square,Galeria Grid / Eventos,/home/horyu/Projetos/ciclismo_santa_helena_midias/facebook_fotos_organizadas/03_quadradas_galeria/217429337061020.jpg
341802154623737.jpg,1080,872,1.24,square,Galeria Grid / Eventos,/home/horyu/Projetos/ciclismo_santa_helena_midias/facebook_fotos_organizadas/03_quadradas_galeria/341802154623737.jpg
642049474599002.jpg,2048,923,2.22,hero,Banner Hero / Carrossel Principal,/home/horyu/Projetos/ciclismo_santa_helena_midias/facebook_fotos_organizadas/01_banners_hero/642049474599002.jpg
4033683166663001.jpg,937,937,1.0,square,Galeria Grid / Eventos,/home/horyu/Projetos/ciclismo_santa_helena_midias/facebook_fotos_organizadas/03_quadradas_galeria/4033683166663001.jpg
4160481887316461.jpg,1126,590,1.91,thumb,Thumbnail / Ícone,/home/horyu/Projetos/ciclismo_santa_helena_midias/facebook_fotos_organizadas/04_pequenas_thumbnails/4160481887316461.jpg
4147148895316427.jpg,1080,847,1.28,hero,Banner Hero / Carrossel Principal,/home/horyu/Projetos/ciclismo_santa_helena_midias/facebook_fotos_organizadas/01_banners_hero/4147148895316427.jpg
3855932064438113.jpg,960,548,1.75,thumb,Thumbnail / Ícone,/home/horyu/Projetos/ciclismo_santa_helena_midias/facebook_fotos_organizadas/04_pequenas_thumbnails/3855932064438113.jpg
4170514176313232.jpg,960,783,1.23,square,Galeria Grid / Eventos,/home/horyu/Projetos/ciclismo_santa_helena_midias/facebook_fotos_organizadas/03_quadradas_galeria/4170514176313232.jpg
4361565550541426.jpg,1080,1221,0.88,square,Galeria Grid / Eventos,/home/horyu/Projetos/ciclismo_santa_helena_midias/facebook_fotos_organizadas/03_quadradas_galeria/4361565550541426.jpg
4064315643599753.jpg,960,960,1.0,square,Galeria Grid / Eventos,/home/horyu/Projetos/ciclismo_santa_helena_midias/facebook_fotos_organizadas/03_quadradas_galeria/4064315643599753.jpg
3907623572602295.jpg,1440,1080,1.33,hero,Banner Hero / Carrossel Principal,/home/horyu/Projetos/ciclismo_santa_helena_midias/facebook_fotos_organizadas/01_banners_hero/3907623572602295.jpg
451782793625672.jpg,960,960,1.0,square,Galeria Grid / Eventos,/home/horyu/Projetos/ciclismo_santa_helena_midias/facebook_fotos_organizadas/03_quadradas_galeria/451782793625672.jpg
319123176891635.jpg,960,867,1.11,square,Galeria Grid / Eventos,/home/horyu/Projetos/ciclismo_santa_helena_midias/facebook_fotos_organizadas/03_quadradas_galeria/319123176891635.jpg
225933122877308.jpg,1080,1029,1.05,square,Galeria Grid / Eventos,/home/horyu/Projetos/ciclismo_santa_helena_midias/facebook_fotos_organizadas/03_quadradas_galeria/225933122877308.jpg
268248178645802.jpg,960,720,1.33,square,Galeria Grid / Eventos,/home/horyu/Projetos/ciclismo_santa_helena_midias/facebook_fotos_organizadas/03_quadradas_galeria/268248178645802.jpg
555512703252680.jpg,1600,720,2.22,hero,Banner Hero / Carrossel Principal,/home/horyu/Projetos/ciclismo_santa_helena_midias/facebook_fotos_organizadas/01_banners_hero/555512703252680.jpg
4144947835536533.jpg,960,791,1.21,square,Galeria Grid / Eventos,/home/horyu/Projetos/ciclismo_santa_helena_midias/facebook_fotos_organizadas/03_quadradas_galeria/4144947835536533.jpg
4275767999121182.jpg,1440,1080,1.33,hero,Banner Hero / Carrossel Principal,/home/horyu/Projetos/ciclismo_santa_helena_midias/facebook_fotos_organizadas/01_banners_hero/4275767999121182.jpg
4157123164319000.jpg,1039,951,1.09,square,Galeria Grid / Eventos,/home/horyu/Projetos/ciclismo_santa_helena_midias/facebook_fotos_organizadas/03_quadradas_galeria/4157123164319000.jpg
588400696630547.jpg,593,960,0.62,thumb,Thumbnail / Ícone,/home/horyu/Projetos/ciclismo_santa_helena_midias/facebook_fotos_organizadas/04_pequenas_thumbnails/588400696630547.jpg
4216792438352072.jpg,960,732,1.31,square,Galeria Grid / Eventos,/home/horyu/Projetos/ciclismo_santa_helena_midias/facebook_fotos_organizadas/03_quadradas_galeria/4216792438352072.jpg
3898971443467508.jpg,960,720,1.33,square,Galeria Grid / Eventos,/home/horyu/Projetos/ciclismo_santa_helena_midias/facebook_fotos_organizadas/03_quadradas_galeria/3898971443467508.jpg
3714899435208044.jpg,493,493,1.0,thumb,Thumbnail / Ícone,/home/horyu/Projetos/ciclismo_santa_helena_midias/facebook_fotos_organizadas/04_pequenas_thumbnails/3714899435208044.jpg
627780736025876.jpg,902,768,1.17,square,Galeria Grid / Eventos,/home/horyu/Projetos/ciclismo_santa_helena_midias/facebook_fotos_organizadas/03_quadradas_galeria/627780736025876.jpg
228908239246463.jpg,720,720,1.0,square,Galeria Grid / Eventos,/home/horyu/Projetos/ciclismo_santa_helena_midias/facebook_fotos_organizadas/03_quadradas_galeria/228908239246463.jpg
245725770898043.jpg,1077,719,1.5,hero,Banner Hero / Carrossel Principal,/home/horyu/Projetos/ciclismo_santa_helena_midias/facebook_fotos_organizadas/01_banners_hero/245725770898043.jpg
614719673998649.jpg,1080,710,1.52,hero,Banner Hero / Carrossel Principal,/home/horyu/Projetos/ciclismo_santa_helena_midias/facebook_fotos_organizadas/01_banners_hero/614719673998649.jpg
357037179766901.jpg,960,540,1.78,thumb,Thumbnail / Ícone,/home/horyu/Projetos/ciclismo_santa_helena_midias/facebook_fotos_organizadas/04_pequenas_thumbnails/357037179766901.jpg
3844162155615104.jpg,1440,1080,1.33,hero,Banner Hero / Carrossel Principal,/home/horyu/Projetos/ciclismo_santa_helena_midias/facebook_fotos_organizadas/01_banners_hero/3844162155615104.jpg
244481934355760.jpg,1080,799,1.35,hero,Banner Hero / Carrossel Principal,/home/horyu/Projetos/ciclismo_santa_helena_midias/facebook_fotos_organizadas/01_banners_hero/244481934355760.jpg
4002220066475978.jpg,1080,1339,0.81,mobile,Card Vertical / Mobile Stories,/home/horyu/Projetos/ciclismo_santa_helena_midias/facebook_fotos_organizadas/02_retratos_mobile/4002220066475978.jpg
3610634718967850.jpg,960,720,1.33,square,Galeria Grid / Eventos,/home/horyu/Projetos/ciclismo_santa_helena_midias/facebook_fotos_organizadas/03_quadradas_galeria/3610634718967850.jpg
4183752874989362.jpg,590,590,1.0,thumb,Thumbnail / Ícone,/home/horyu/Projetos/ciclismo_santa_helena_midias/facebook_fotos_organizadas/04_pequenas_thumbnails/4183752874989362.jpg
780236910780257.jpg,1080,1080,1.0,square,Galeria Grid / Eventos,/home/horyu/Projetos/ciclismo_santa_helena_midias/facebook_fotos_organizadas/03_quadradas_galeria/780236910780257.jpg
3879292735435379.jpg,1440,1080,1.33,hero,Banner Hero / Carrossel Principal,/home/horyu/Projetos/ciclismo_santa_helena_midias/facebook_fotos_organizadas/01_banners_hero/3879292735435379.jpg
374190751384877.jpg,1280,905,1.41,hero,Banner Hero / Carrossel Principal,/home/horyu/Projetos/ciclismo_santa_helena_midias/facebook_fotos_organizadas/01_banners_hero/374190751384877.jpg
345886937548592.jpg,960,702,1.37,square,Galeria Grid / Eventos,/home/horyu/Projetos/ciclismo_santa_helena_midias/facebook_fotos_organizadas/03_quadradas_galeria/345886937548592.jpg
4077005455664105.jpg,960,720,1.33,square,Galeria Grid / Eventos,/home/horyu/Projetos/ciclismo_santa_helena_midias/facebook_fotos_organizadas/03_quadradas_galeria/4077005455664105.jpg
262524139218206.jpg,960,720,1.33,square,Galeria Grid / Eventos,/home/horyu/Projetos/ciclismo_santa_helena_midias/facebook_fotos_organizadas/03_quadradas_galeria/262524139218206.jpg
742167787920503.jpg,1280,720,1.78,hero,Banner Hero / Carrossel Principal,/home/horyu/Projetos/ciclismo_santa_helena_midias/facebook_fotos_organizadas/01_banners_hero/742167787920503.jpg
4112411545456829.jpg,1080,984,1.1,square,Galeria Grid / Eventos,/home/horyu/Projetos/ciclismo_santa_helena_midias/facebook_fotos_organizadas/03_quadradas_galeria/4112411545456829.jpg
236448461825774.jpg,960,945,1.02,square,Galeria Grid / Eventos,/home/horyu/Projetos/ciclismo_santa_helena_midias/facebook_fotos_organizadas/03_quadradas_galeria/236448461825774.jpg
4153104314720885.jpg,960,572,1.68,thumb,Thumbnail / Ícone,/home/horyu/Projetos/ciclismo_santa_helena_midias/facebook_fotos_organizadas/04_pequenas_thumbnails/4153104314720885.jpg
217429203727700.jpg,960,610,1.57,square,Galeria Grid / Eventos,/home/horyu/Projetos/ciclismo_santa_helena_midias/facebook_fotos_organizadas/03_quadradas_galeria/217429203727700.jpg
3880301185334534.jpg,720,960,0.75,mobile,Card Vertical / Mobile Stories,/home/horyu/Projetos/ciclismo_santa_helena_midias/facebook_fotos_organizadas/02_retratos_mobile/3880301185334534.jpg
3730825533615434.jpg,960,720,1.33,square,Galeria Grid / Eventos,/home/horyu/Projetos/ciclismo_santa_helena_midias/facebook_fotos_organizadas/03_quadradas_galeria/3730825533615434.jpg
282457340558219.jpg,720,733,0.98,square,Galeria Grid / Eventos,/home/horyu/Projetos/ciclismo_santa_helena_midias/facebook_fotos_organizadas/03_quadradas_galeria/282457340558219.jpg
226282266175727.jpg,1080,926,1.17,square,Galeria Grid / Eventos,/home/horyu/Projetos/ciclismo_santa_helena_midias/facebook_fotos_organizadas/03_quadradas_galeria/226282266175727.jpg
239184291552191.jpg,960,960,1.0,square,Galeria Grid / Eventos,/home/horyu/Projetos/ciclismo_santa_helena_midias/facebook_fotos_organizadas/03_quadradas_galeria/239184291552191.jpg
215770530560234.jpg,1080,709,1.52,hero,Banner Hero / Carrossel Principal,/home/horyu/Projetos/ciclismo_santa_helena_midias/facebook_fotos_organizadas/01_banners_hero/215770530560234.jpg
565923242211626.jpg,1080,1080,1.0,square,Galeria Grid / Eventos,/home/horyu/Projetos/ciclismo_santa_helena_midias/facebook_fotos_organizadas/03_quadradas_galeria/565923242211626.jpg
3789103814454272.jpg,960,720,1.33,square,Galeria Grid / Eventos,/home/horyu/Projetos/ciclismo_santa_helena_midias/facebook_fotos_organizadas/03_quadradas_galeria/3789103814454272.jpg
230851279052159.jpg,1080,858,1.26,hero,Banner Hero / Carrossel Principal,/home/horyu/Projetos/ciclismo_santa_helena_midias/facebook_fotos_organizadas/01_banners_hero/230851279052159.jpg
294365936034026.jpg,960,902,1.06,square,Galeria Grid / Eventos,/home/horyu/Projetos/ciclismo_santa_helena_midias/facebook_fotos_organizadas/03_quadradas_galeria/294365936034026.jpg
3826375744060412.jpg,960,720,1.33,square,Galeria Grid / Eventos,/home/horyu/Projetos/ciclismo_santa_helena_midias/facebook_fotos_organizadas/03_quadradas_galeria/3826375744060412.jpg
315507183919901.jpg,1440,1137,1.27,hero,Banner Hero / Carrossel Principal,/home/horyu/Projetos/ciclismo_santa_helena_midias/facebook_fotos_organizadas/01_banners_hero/315507183919901.jpg
3927156770648975.jpg,810,810,1.0,square,Galeria Grid / Eventos,/home/horyu/Projetos/ciclismo_santa_helena_midias/facebook_fotos_organizadas/03_quadradas_galeria/3927156770648975.jpg
642049397932343.jpg,2048,1658,1.24,square,Galeria Grid / Eventos,/home/horyu/Projetos/ciclismo_santa_helena_midias/facebook_fotos_organizadas/03_quadradas_galeria/642049397932343.jpg
4285188518179130.jpg,1080,847,1.28,hero,Banner Hero / Carrossel Principal,/home/horyu/Projetos/ciclismo_santa_helena_midias/facebook_fotos_organizadas/01_banners_hero/4285188518179130.jpg
3614869085211080.jpg,768,960,0.8,mobile,Card Vertical / Mobile Stories,/home/horyu/Projetos/ciclismo_santa_helena_midias/facebook_fotos_organizadas/02_retratos_mobile/3614869085211080.jpg
307713581365928.jpg,1080,802,1.35,hero,Banner Hero / Carrossel Principal,/home/horyu/Projetos/ciclismo_santa_helena_midias/facebook_fotos_organizadas/01_banners_hero/307713581365928.jpg
319123280224958.jpg,960,718,1.34,square,Galeria Grid / Eventos,/home/horyu/Projetos/ciclismo_santa_helena_midias/facebook_fotos_organizadas/03_quadradas_galeria/319123280224958.jpg
739354008201881.jpg,1080,1080,1.0,square,Galeria Grid / Eventos,/home/horyu/Projetos/ciclismo_santa_helena_midias/facebook_fotos_organizadas/03_quadradas_galeria/739354008201881.jpg
256062983197655.jpg,960,720,1.33,square,Galeria Grid / Eventos,/home/horyu/Projetos/ciclismo_santa_helena_midias/facebook_fotos_organizadas/03_quadradas_galeria/256062983197655.jpg
4133696399995010.jpg,1440,1080,1.33,hero,Banner Hero / Carrossel Principal,/home/horyu/Projetos/ciclismo_santa_helena_midias/facebook_fotos_organizadas/01_banners_hero/4133696399995010.jpg
4270984352932880.jpg,960,720,1.33,square,Galeria Grid / Eventos,/home/horyu/Projetos/ciclismo_santa_helena_midias/facebook_fotos_organizadas/03_quadradas_galeria/4270984352932880.jpg
739354224868526.jpg,2048,1536,1.33,hero,Banner Hero / Carrossel Principal,/home/horyu/Projetos/ciclismo_santa_helena_midias/facebook_fotos_organizadas/01_banners_hero/739354224868526.jpg
206854311451856.jpg,1440,1127,1.28,hero,Banner Hero / Carrossel Principal,/home/horyu/Projetos/ciclismo_santa_helena_midias/facebook_fotos_organizadas/01_banners_hero/206854311451856.jpg
4036421293055855.jpg,750,750,1.0,square,Galeria Grid / Eventos,/home/horyu/Projetos/ciclismo_santa_helena_midias/facebook_fotos_organizadas/03_quadradas_galeria/4036421293055855.jpg
3940584349306217.jpg,960,960,1.0,square,Galeria Grid / Eventos,/home/horyu/Projetos/ciclismo_santa_helena_midias/facebook_fotos_organizadas/03_quadradas_galeria/3940584349306217.jpg
216127283857892.jpg,960,556,1.73,thumb,Thumbnail / Ícone,/home/horyu/Projetos/ciclismo_santa_helena_midias/facebook_fotos_organizadas/04_pequenas_thumbnails/216127283857892.jpg
262524242551529.jpg,960,720,1.33,square,Galeria Grid / Eventos,/home/horyu/Projetos/ciclismo_santa_helena_midias/facebook_fotos_organizadas/03_quadradas_galeria/262524242551529.jpg
290817499722203.jpg,960,661,1.45,square,Galeria Grid / Eventos,/home/horyu/Projetos/ciclismo_santa_helena_midias/facebook_fotos_organizadas/03_quadradas_galeria/290817499722203.jpg
3781838348514152.jpg,960,720,1.33,square,Galeria Grid / Eventos,/home/horyu/Projetos/ciclismo_santa_helena_midias/facebook_fotos_organizadas/03_quadradas_galeria/3781838348514152.jpg
780236844113597.jpg,1080,1080,1.0,square,Galeria Grid / Eventos,/home/horyu/Projetos/ciclismo_santa_helena_midias/facebook_fotos_organizadas/03_quadradas_galeria/780236844113597.jpg
780237157446899.jpg,1080,1350,0.8,mobile,Card Vertical / Mobile Stories,/home/horyu/Projetos/ciclismo_santa_helena_midias/facebook_fotos_organizadas/02_retratos_mobile/780237157446899.jpg
967195775417702.jpg,1200,1200,1.0,square,Galeria Grid / Eventos,/home/horyu/Projetos/ciclismo_santa_helena_midias/facebook_fotos_organizadas/03_quadradas_galeria/967195775417702.jpg
217429297061024.jpg,960,610,1.57,square,Galeria Grid / Eventos,/home/horyu/Projetos/ciclismo_santa_helena_midias/facebook_fotos_organizadas/03_quadradas_galeria/217429297061024.jpg
4378537842177530.jpg,1080,1221,0.88,square,Galeria Grid / Eventos,/home/horyu/Projetos/ciclismo_santa_helena_midias/facebook_fotos_organizadas/03_quadradas_galeria/4378537842177530.jpg
3579648222066500.jpg,540,540,1.0,thumb,Thumbnail / Ícone,/home/horyu/Projetos/ciclismo_santa_helena_midias/facebook_fotos_organizadas/04_pequenas_thumbnails/3579648222066500.jpg
402957161841569.jpg,960,720,1.33,square,Galeria Grid / Eventos,/home/horyu/Projetos/ciclismo_santa_helena_midias/facebook_fotos_organizadas/03_quadradas_galeria/402957161841569.jpg
3576588789039110.jpg,1080,1080,1.0,square,Galeria Grid / Eventos,/home/horyu/Projetos/ciclismo_santa_helena_midias/facebook_fotos_organizadas/03_quadradas_galeria/3576588789039110.jpg
402956978508254.jpg,960,720,1.33,square,Galeria Grid / Eventos,/home/horyu/Projetos/ciclismo_santa_helena_midias/facebook_fotos_organizadas/03_quadradas_galeria/402956978508254.jpg
3770403616324292.jpg,960,720,1.33,square,Galeria Grid / Eventos,/home/horyu/Projetos/ciclismo_santa_helena_midias/facebook_fotos_organizadas/03_quadradas_galeria/3770403616324292.jpg
225579052912715.jpg,1080,1340,0.81,mobile,Card Vertical / Mobile Stories,/home/horyu/Projetos/ciclismo_santa_helena_midias/facebook_fotos_organizadas/02_retratos_mobile/225579052912715.jpg
290817539722199.jpg,960,733,1.31,square,Galeria Grid / Eventos,/home/horyu/Projetos/ciclismo_santa_helena_midias/facebook_fotos_organizadas/03_quadradas_galeria/290817539722199.jpg
780236770780271.jpg,851,851,1.0,square,Galeria Grid / Eventos,/home/horyu/Projetos/ciclismo_santa_helena_midias/facebook_fotos_organizadas/03_quadradas_galeria/780236770780271.jpg
4116246715073312.jpg,960,731,1.31,square,Galeria Grid / Eventos,/home/horyu/Projetos/ciclismo_santa_helena_midias/facebook_fotos_organizadas/03_quadradas_galeria/4116246715073312.jpg
627780789359204.jpg,1200,1600,0.75,mobile,Card Vertical / Mobile Stories,/home/horyu/Projetos/ciclismo_santa_helena_midias/facebook_fotos_organizadas/02_retratos_mobile/627780789359204.jpg
3733805749984079.jpg,960,720,1.33,square,Galeria Grid / Eventos,/home/horyu/Projetos/ciclismo_santa_helena_midias/facebook_fotos_organizadas/03_quadradas_galeria/3733805749984079.jpg
299414712195815.jpg,960,881,1.09,square,Galeria Grid / Eventos,/home/horyu/Projetos/ciclismo_santa_helena_midias/facebook_fotos_organizadas/03_quadradas_galeria/299414712195815.jpg
451782590292359.jpg,900,900,1.0,square,Galeria Grid / Eventos,/home/horyu/Projetos/ciclismo_santa_helena_midias/facebook_fotos_organizadas/03_quadradas_galeria/451782590292359.jpg
333822558755030.jpg,1080,799,1.35,hero,Banner Hero / Carrossel Principal,/home/horyu/Projetos/ciclismo_santa_helena_midias/facebook_fotos_organizadas/01_banners_hero/333822558755030.jpg
4095896247108359.jpg,1080,684,1.58,hero,Banner Hero / Carrossel Principal,/home/horyu/Projetos/ciclismo_santa_helena_midias/facebook_fotos_organizadas/01_banners_hero/4095896247108359.jpg
333966278740658.jpg,1440,1080,1.33,hero,Banner Hero / Carrossel Principal,/home/horyu/Projetos/ciclismo_santa_helena_midias/facebook_fotos_organizadas/01_banners_hero/333966278740658.jpg
537015135102437.jpg,1080,832,1.3,hero,Banner Hero / Carrossel Principal,/home/horyu/Projetos/ciclismo_santa_helena_midias/facebook_fotos_organizadas/01_banners_hero/537015135102437.jpg
4033683246662993.jpg,379,474,0.8,thumb,Thumbnail / Ícone,/home/horyu/Projetos/ciclismo_santa_helena_midias/facebook_fotos_organizadas/04_pequenas_thumbnails/4033683246662993.jpg
4187227247975258.jpg,1080,820,1.32,hero,Banner Hero / Carrossel Principal,/home/horyu/Projetos/ciclismo_santa_helena_midias/facebook_fotos_organizadas/01_banners_hero/4187227247975258.jpg
319123233558296.jpg,960,876,1.1,square,Galeria Grid / Eventos,/home/horyu/Projetos/ciclismo_santa_helena_midias/facebook_fotos_organizadas/03_quadradas_galeria/319123233558296.jpg
3658878994143422.jpg,960,720,1.33,square,Galeria Grid / Eventos,/home/horyu/Projetos/ciclismo_santa_helena_midias/facebook_fotos_organizadas/03_quadradas_galeria/3658878994143422.jpg
555512366586047.jpg,1080,1080,1.0,square,Galeria Grid / Eventos,/home/horyu/Projetos/ciclismo_santa_helena_midias/facebook_fotos_organizadas/03_quadradas_galeria/555512366586047.jpg
257164806420806.jpg,939,939,1.0,square,Galeria Grid / Eventos,/home/horyu/Projetos/ciclismo_santa_helena_midias/facebook_fotos_organizadas/03_quadradas_galeria/257164806420806.jpg
301286295341990.jpg,1440,1080,1.33,hero,Banner Hero / Carrossel Principal,/home/horyu/Projetos/ciclismo_santa_helena_midias/facebook_fotos_organizadas/01_banners_hero/301286295341990.jpg
4077004562330861.jpg,960,960,1.0,square,Galeria Grid / Eventos,/home/horyu/Projetos/ciclismo_santa_helena_midias/facebook_fotos_organizadas/03_quadradas_galeria/4077004562330861.jpg
336218881848731.jpg,960,745,1.29,square,Galeria Grid / Eventos,/home/horyu/Projetos/ciclismo_santa_helena_midias/facebook_fotos_organizadas/03_quadradas_galeria/336218881848731.jpg
4015301268501191.jpg,1280,957,1.34,hero,Banner Hero / Carrossel Principal,/home/horyu/Projetos/ciclismo_santa_helena_midias/facebook_fotos_organizadas/01_banners_hero/4015301268501191.jpg
738095654994383.jpg,1080,1080,1.0,square,Galeria Grid / Eventos,/home/horyu/Projetos/ciclismo_santa_helena_midias/facebook_fotos_organizadas/03_quadradas_galeria/738095654994383.jpg
742167574587191.jpg,1080,1080,1.0,square,Galeria Grid / Eventos,/home/horyu/Projetos/ciclismo_santa_helena_midias/facebook_fotos_organizadas/03_quadradas_galeria/742167574587191.jpg
3950902471607738.jpg,864,1080,0.8,mobile,Card Vertical / Mobile Stories,/home/horyu/Projetos/ciclismo_santa_helena_midias/facebook_fotos_organizadas/02_retratos_mobile/3950902471607738.jpg
3853103688054284.jpg,960,720,1.33,square,Galeria Grid / Eventos,/home/horyu/Projetos/ciclismo_santa_helena_midias/facebook_fotos_organizadas/03_quadradas_galeria/3853103688054284.jpg
4112223742142276.jpg,1080,810,1.33,hero,Banner Hero / Carrossel Principal,/home/horyu/Projetos/ciclismo_santa_helena_midias/facebook_fotos_organizadas/01_banners_hero/4112223742142276.jpg
4183751974989452.jpg,590,590,1.0,thumb,Thumbnail / Ícone,/home/horyu/Projetos/ciclismo_santa_helena_midias/facebook_fotos_organizadas/04_pequenas_thumbnails/4183751974989452.jpg
4358606950837286.jpg,1080,776,1.39,hero,Banner Hero / Carrossel Principal,/home/horyu/Projetos/ciclismo_santa_helena_midias/facebook_fotos_organizadas/01_banners_hero/4358606950837286.jpg
3907735752591077.jpg,1280,958,1.34,hero,Banner Hero / Carrossel Principal,/home/horyu/Projetos/ciclismo_santa_helena_midias/facebook_fotos_organizadas/01_banners_hero/3907735752591077.jpg
275711921232761.jpg,960,728,1.32,square,Galeria Grid / Eventos,/home/horyu/Projetos/ciclismo_santa_helena_midias/facebook_fotos_organizadas/03_quadradas_galeria/275711921232761.jpg
338326314971321.jpg,1440,1080,1.33,hero,Banner Hero / Carrossel Principal,/home/horyu/Projetos/ciclismo_santa_helena_midias/facebook_fotos_organizadas/01_banners_hero/338326314971321.jpg
4335809666450348.jpg,1080,805,1.34,hero,Banner Hero / Carrossel Principal,/home/horyu/Projetos/ciclismo_santa_helena_midias/facebook_fotos_organizadas/01_banners_hero/4335809666450348.jpg
237163251754295.jpg,960,720,1.33,square,Galeria Grid / Eventos,/home/horyu/Projetos/ciclismo_santa_helena_midias/facebook_fotos_organizadas/03_quadradas_galeria/237163251754295.jpg
3676459372385384.jpg,960,720,1.33,square,Galeria Grid / Eventos,/home/horyu/Projetos/ciclismo_santa_helena_midias/facebook_fotos_organizadas/03_quadradas_galeria/3676459372385384.jpg
333264862144133.jpg,960,772,1.24,square,Galeria Grid / Eventos,/home/horyu/Projetos/ciclismo_santa_helena_midias/facebook_fotos_organizadas/03_quadradas_galeria/333264862144133.jpg
955538883250058.jpg,1080,1316,0.82,mobile,Card Vertical / Mobile Stories,/home/horyu/Projetos/ciclismo_santa_helena_midias/facebook_fotos_organizadas/02_retratos_mobile/955538883250058.jpg
4088461724518478.jpg,720,900,0.8,mobile,Card Vertical / Mobile Stories,/home/horyu/Projetos/ciclismo_santa_helena_midias/facebook_fotos_organizadas/02_retratos_mobile/4088461724518478.jpg
231987378938549.jpg,1080,847,1.28,hero,Banner Hero / Carrossel Principal,/home/horyu/Projetos/ciclismo_santa_helena_midias/facebook_fotos_organizadas/01_banners_hero/231987378938549.jpg
3837271806304139.jpg,960,720,1.33,square,Galeria Grid / Eventos,/home/horyu/Projetos/ciclismo_santa_helena_midias/facebook_fotos_organizadas/03_quadradas_galeria/3837271806304139.jpg
217429377061016.jpg,960,610,1.57,square,Galeria Grid / Eventos,/home/horyu/Projetos/ciclismo_santa_helena_midias/facebook_fotos_organizadas/03_quadradas_galeria/217429377061016.jpg
4119698751394775.jpg,774,1032,0.75,mobile,Card Vertical / Mobile Stories,/home/horyu/Projetos/ciclismo_santa_helena_midias/facebook_fotos_organizadas/02_retratos_mobile/4119698751394775.jpg
292402519563701.jpg,1440,1080,1.33,hero,Banner Hero / Carrossel Principal,/home/horyu/Projetos/ciclismo_santa_helena_midias/facebook_fotos_organizadas/01_banners_hero/292402519563701.jpg
555512786586005.jpg,1600,720,2.22,hero,Banner Hero / Carrossel Principal,/home/horyu/Projetos/ciclismo_santa_helena_midias/facebook_fotos_organizadas/01_banners_hero/555512786586005.jpg
621017930035490.jpg,960,559,1.72,thumb,Thumbnail / Ícone,/home/horyu/Projetos/ciclismo_santa_helena_midias/facebook_fotos_organizadas/04_pequenas_thumbnails/621017930035490.jpg
672917718178844.jpg,1080,1080,1.0,square,Galeria Grid / Eventos,/home/horyu/Projetos/ciclismo_santa_helena_midias/facebook_fotos_organizadas/03_quadradas_galeria/672917718178844.jpg
613088784161738.jpg,960,506,1.9,thumb,Thumbnail / Ícone,/home/horyu/Projetos/ciclismo_santa_helena_midias/facebook_fotos_organizadas/04_pequenas_thumbnails/613088784161738.jpg
3575902485774407.jpg,720,900,0.8,mobile,Card Vertical / Mobile Stories,/home/horyu/Projetos/ciclismo_santa_helena_midias/facebook_fotos_organizadas/02_retratos_mobile/3575902485774407.jpg
229339815869972.jpg,960,535,1.79,thumb,Thumbnail / Ícone,/home/horyu/Projetos/ciclismo_santa_helena_midias/facebook_fotos_organizadas/04_pequenas_thumbnails/229339815869972.jpg
783523053784976.jpg,1024,768,1.33,hero,Banner Hero / Carrossel Principal,/home/horyu/Projetos/ciclismo_santa_helena_midias/facebook_fotos_organizadas/01_banners_hero/783523053784976.jpg
275712091232744.jpg,540,960,0.56,thumb,Thumbnail / Ícone,/home/horyu/Projetos/ciclismo_santa_helena_midias/facebook_fotos_organizadas/04_pequenas_thumbnails/275712091232744.jpg
620805160056767.jpg,1035,536,1.93,thumb,Thumbnail / Ícone,/home/horyu/Projetos/ciclismo_santa_helena_midias/facebook_fotos_organizadas/04_pequenas_thumbnails/620805160056767.jpg
4202195746478408.jpg,1080,856,1.26,hero,Banner Hero / Carrossel Principal,/home/horyu/Projetos/ciclismo_santa_helena_midias/facebook_fotos_organizadas/01_banners_hero/4202195746478408.jpg
253424173461536.jpg,960,720,1.33,square,Galeria Grid / Eventos,/home/horyu/Projetos/ciclismo_santa_helena_midias/facebook_fotos_organizadas/03_quadradas_galeria/253424173461536.jpg
274176664719620.jpg,960,720,1.33,square,Galeria Grid / Eventos,/home/horyu/Projetos/ciclismo_santa_helena_midias/facebook_fotos_organizadas/03_quadradas_galeria/274176664719620.jpg
4216792578352058.jpg,960,665,1.44,square,Galeria Grid / Eventos,/home/horyu/Projetos/ciclismo_santa_helena_midias/facebook_fotos_organizadas/03_quadradas_galeria/4216792578352058.jpg
229578652512755.jpg,960,540,1.78,thumb,Thumbnail / Ícone,/home/horyu/Projetos/ciclismo_santa_helena_midias/facebook_fotos_organizadas/04_pequenas_thumbnails/229578652512755.jpg
3730834713614516.jpg,960,960,1.0,square,Galeria Grid / Eventos,/home/horyu/Projetos/ciclismo_santa_helena_midias/facebook_fotos_organizadas/03_quadradas_galeria/3730834713614516.jpg
228908502579770.jpg,1080,763,1.42,hero,Banner Hero / Carrossel Principal,/home/horyu/Projetos/ciclismo_santa_helena_midias/facebook_fotos_organizadas/01_banners_hero/228908502579770.jpg
229339762536644.jpg,960,715,1.34,square,Galeria Grid / Eventos,/home/horyu/Projetos/ciclismo_santa_helena_midias/facebook_fotos_organizadas/03_quadradas_galeria/229339762536644.jpg
3745357545495566.jpg,960,960,1.0,square,Galeria Grid / Eventos,/home/horyu/Projetos/ciclismo_santa_helena_midias/facebook_fotos_organizadas/03_quadradas_galeria/3745357545495566.jpg
4353691967995451.jpg,720,720,1.0,square,Galeria Grid / Eventos,/home/horyu/Projetos/ciclismo_santa_helena_midias/facebook_fotos_organizadas/03_quadradas_galeria/4353691967995451.jpg
3723342804363707.jpg,1440,1080,1.33,hero,Banner Hero / Carrossel Principal,/home/horyu/Projetos/ciclismo_santa_helena_midias/facebook_fotos_organizadas/01_banners_hero/3723342804363707.jpg
3741577812540206.jpg,960,960,1.0,square,Galeria Grid / Eventos,/home/horyu/Projetos/ciclismo_santa_helena_midias/facebook_fotos_organizadas/03_quadradas_galeria/3741577812540206.jpg
4183754084989241.jpg,590,1280,0.46,thumb,Thumbnail / Ícone,/home/horyu/Projetos/ciclismo_santa_helena_midias/facebook_fotos_organizadas/04_pequenas_thumbnails/4183754084989241.jpg
216128517191102.jpg,852,960,0.89,square,Galeria Grid / Eventos,/home/horyu/Projetos/ciclismo_santa_helena_midias/facebook_fotos_organizadas/03_quadradas_galeria/216128517191102.jpg
614719633998653.jpg,1080,566,1.91,thumb,Thumbnail / Ícone,/home/horyu/Projetos/ciclismo_santa_helena_midias/facebook_fotos_organizadas/04_pequenas_thumbnails/614719633998653.jpg
286365956834024.jpg,1080,822,1.31,hero,Banner Hero / Carrossel Principal,/home/horyu/Projetos/ciclismo_santa_helena_midias/facebook_fotos_organizadas/01_banners_hero/286365956834024.jpg
357037029766916.jpg,651,651,1.0,square,Galeria Grid / Eventos,/home/horyu/Projetos/ciclismo_santa_helena_midias/facebook_fotos_organizadas/03_quadradas_galeria/357037029766916.jpg
332623665541586.jpg,1080,762,1.42,hero,Banner Hero / Carrossel Principal,/home/horyu/Projetos/ciclismo_santa_helena_midias/facebook_fotos_organizadas/01_banners_hero/332623665541586.jpg
327794686024484.jpg,960,960,1.0,square,Galeria Grid / Eventos,/home/horyu/Projetos/ciclismo_santa_helena_midias/facebook_fotos_organizadas/03_quadradas_galeria/327794686024484.jpg
216128790524408.jpg,866,960,0.9,square,Galeria Grid / Eventos,/home/horyu/Projetos/ciclismo_santa_helena_midias/facebook_fotos_organizadas/03_quadradas_galeria/216128790524408.jpg
214408687363085.jpg,1037,699,1.48,hero,Banner Hero / Carrossel Principal,/home/horyu/Projetos/ciclismo_santa_helena_midias/facebook_fotos_organizadas/01_banners_hero/214408687363085.jpg
627780682692548.jpg,804,768,1.05,square,Galeria Grid / Eventos,/home/horyu/Projetos/ciclismo_santa_helena_midias/facebook_fotos_organizadas/03_quadradas_galeria/627780682692548.jpg
256062953197658.jpg,960,720,1.33,square,Galeria Grid / Eventos,/home/horyu/Projetos/ciclismo_santa_helena_midias/facebook_fotos_organizadas/03_quadradas_galeria/256062953197658.jpg
4010036832360968.jpg,958,958,1.0,square,Galeria Grid / Eventos,/home/horyu/Projetos/ciclismo_santa_helena_midias/facebook_fotos_organizadas/03_quadradas_galeria/4010036832360968.jpg
268245738646046.jpg,720,960,0.75,mobile,Card Vertical / Mobile Stories,/home/horyu/Projetos/ciclismo_santa_helena_midias/facebook_fotos_organizadas/02_retratos_mobile/268245738646046.jpg
216127803857840.jpg,720,960,0.75,mobile,Card Vertical / Mobile Stories,/home/horyu/Projetos/ciclismo_santa_helena_midias/facebook_fotos_organizadas/02_retratos_mobile/216127803857840.jpg
274176841386269.jpg,960,720,1.33,square,Galeria Grid / Eventos,/home/horyu/Projetos/ciclismo_santa_helena_midias/facebook_fotos_organizadas/03_quadradas_galeria/274176841386269.jpg
4158659814165335.jpg,1080,651,1.66,hero,Banner Hero / Carrossel Principal,/home/horyu/Projetos/ciclismo_santa_helena_midias/facebook_fotos_organizadas/01_banners_hero/4158659814165335.jpg
3814267278604592.jpg,807,807,1.0,square,Galeria Grid / Eventos,/home/horyu/Projetos/ciclismo_santa_helena_midias/facebook_fotos_organizadas/03_quadradas_galeria/3814267278604592.jpg
216127967191157.jpg,720,960,0.75,mobile,Card Vertical / Mobile Stories,/home/horyu/Projetos/ciclismo_santa_helena_midias/facebook_fotos_organizadas/02_retratos_mobile/216127967191157.jpg
555512669919350.jpg,1600,720,2.22,hero,Banner Hero / Carrossel Principal,/home/horyu/Projetos/ciclismo_santa_helena_midias/facebook_fotos_organizadas/01_banners_hero/555512669919350.jpg
4324368964261085.jpg,960,612,1.57,square,Galeria Grid / Eventos,/home/horyu/Projetos/ciclismo_santa_helena_midias/facebook_fotos_organizadas/03_quadradas_galeria/4324368964261085.jpg
290817323055554.jpg,960,821,1.17,square,Galeria Grid / Eventos,/home/horyu/Projetos/ciclismo_santa_helena_midias/facebook_fotos_organizadas/03_quadradas_galeria/290817323055554.jpg
783523190451629.jpg,1600,1200,1.33,hero,Banner Hero / Carrossel Principal,/home/horyu/Projetos/ciclismo_santa_helena_midias/facebook_fotos_organizadas/01_banners_hero/783523190451629.jpg
4145601665471150.jpg,640,612,1.05,square,Galeria Grid / Eventos,/home/horyu/Projetos/ciclismo_santa_helena_midias/facebook_fotos_organizadas/03_quadradas_galeria/4145601665471150.jpg
261754802628473.jpg,594,594,1.0,thumb,Thumbnail / Ícone,/home/horyu/Projetos/ciclismo_santa_helena_midias/facebook_fotos_organizadas/04_pequenas_thumbnails/261754802628473.jpg
3863822386982414.jpg,960,720,1.33,square,Galeria Grid / Eventos,/home/horyu/Projetos/ciclismo_santa_helena_midias/facebook_fotos_organizadas/03_quadradas_galeria/3863822386982414.jpg
262524079218212.jpg,960,925,1.04,square,Galeria Grid / Eventos,/home/horyu/Projetos/ciclismo_santa_helena_midias/facebook_fotos_organizadas/03_quadradas_galeria/262524079218212.jpg
565923718878245.jpg,2048,1536,1.33,hero,Banner Hero / Carrossel Principal,/home/horyu/Projetos/ciclismo_santa_helena_midias/facebook_fotos_organizadas/01_banners_hero/565923718878245.jpg
3613166175381371.jpg,960,647,1.48,square,Galeria Grid / Eventos,/home/horyu/Projetos/ciclismo_santa_helena_midias/facebook_fotos_organizadas/03_quadradas_galeria/3613166175381371.jpg
565923842211566.jpg,960,720,1.33,square,Galeria Grid / Eventos,/home/horyu/Projetos/ciclismo_santa_helena_midias/facebook_fotos_organizadas/03_quadradas_galeria/565923842211566.jpg
4141984765832840.jpg,720,735,0.98,square,Galeria Grid / Eventos,/home/horyu/Projetos/ciclismo_santa_helena_midias/facebook_fotos_organizadas/03_quadradas_galeria/4141984765832840.jpg
3755843671113620.jpg,1040,780,1.33,hero,Banner Hero / Carrossel Principal,/home/horyu/Projetos/ciclismo_santa_helena_midias/facebook_fotos_organizadas/01_banners_hero/3755843671113620.jpg
4202251573139492.jpg,1080,851,1.27,hero,Banner Hero / Carrossel Principal,/home/horyu/Projetos/ciclismo_santa_helena_midias/facebook_fotos_organizadas/01_banners_hero/4202251573139492.jpg
3952139898150662.jpg,590,1280,0.46,thumb,Thumbnail / Ícone,/home/horyu/Projetos/ciclismo_santa_helena_midias/facebook_fotos_organizadas/04_pequenas_thumbnails/3952139898150662.jpg
780236877446927.jpg,1080,1080,1.0,square,Galeria Grid / Eventos,/home/horyu/Projetos/ciclismo_santa_helena_midias/facebook_fotos_organizadas/03_quadradas_galeria/780236877446927.jpg
3855932261104760.jpg,960,496,1.94,thumb,Thumbnail / Ícone,/home/horyu/Projetos/ciclismo_santa_helena_midias/facebook_fotos_organizadas/04_pequenas_thumbnails/3855932261104760.jpg
4183752604989389.jpg,590,590,1.0,thumb,Thumbnail / Ícone,/home/horyu/Projetos/ciclismo_santa_helena_midias/facebook_fotos_organizadas/04_pequenas_thumbnails/4183752604989389.jpg
274176774719609.jpg,960,960,1.0,square,Galeria Grid / Eventos,/home/horyu/Projetos/ciclismo_santa_helena_midias/facebook_fotos_organizadas/03_quadradas_galeria/274176774719609.jpg
3730828616948459.jpg,960,718,1.34,square,Galeria Grid / Eventos,/home/horyu/Projetos/ciclismo_santa_helena_midias/facebook_fotos_organizadas/03_quadradas_galeria/3730828616948459.jpg
3741580889206565.jpg,750,938,0.8,mobile,Card Vertical / Mobile Stories,/home/horyu/Projetos/ciclismo_santa_helena_midias/facebook_fotos_organizadas/02_retratos_mobile/3741580889206565.jpg
443933034410648.jpg,720,529,1.36,thumb,Thumbnail / Ícone,/home/horyu/Projetos/ciclismo_santa_helena_midias/facebook_fotos_organizadas/04_pequenas_thumbnails/443933034410648.jpg
304662425004377.jpg,959,1600,0.6,mobile,Card Vertical / Mobile Stories,/home/horyu/Projetos/ciclismo_santa_helena_midias/facebook_fotos_organizadas/02_retratos_mobile/304662425004377.jpg
4393363327361648.jpg,1440,1080,1.33,hero,Banner Hero / Carrossel Principal,/home/horyu/Projetos/ciclismo_santa_helena_midias/facebook_fotos_organizadas/01_banners_hero/4393363327361648.jpg
226808192789801.jpg,899,899,1.0,square,Galeria Grid / Eventos,/home/horyu/Projetos/ciclismo_santa_helena_midias/facebook_fotos_organizadas/03_quadradas_galeria/226808192789801.jpg
588400689963881.jpg,960,647,1.48,square,Galeria Grid / Eventos,/home/horyu/Projetos/ciclismo_santa_helena_midias/facebook_fotos_organizadas/03_quadradas_galeria/588400689963881.jpg
402401391897146.jpg,720,646,1.11,square,Galeria Grid / Eventos,/home/horyu/Projetos/ciclismo_santa_helena_midias/facebook_fotos_organizadas/03_quadradas_galeria/402401391897146.jpg
357036846433601.jpg,900,900,1.0,square,Galeria Grid / Eventos,/home/horyu/Projetos/ciclismo_santa_helena_midias/facebook_fotos_organizadas/03_quadradas_galeria/357036846433601.jpg
627780709359212.jpg,1024,768,1.33,hero,Banner Hero / Carrossel Principal,/home/horyu/Projetos/ciclismo_santa_helena_midias/facebook_fotos_organizadas/01_banners_hero/627780709359212.jpg
3863822240315762.jpg,960,720,1.33,square,Galeria Grid / Eventos,/home/horyu/Projetos/ciclismo_santa_helena_midias/facebook_fotos_organizadas/03_quadradas_galeria/3863822240315762.jpg
742167474587201.jpg,1080,1080,1.0,square,Galeria Grid / Eventos,/home/horyu/Projetos/ciclismo_santa_helena_midias/facebook_fotos_organizadas/03_quadradas_galeria/742167474587201.jpg
357036989766920.jpg,900,900,1.0,square,Galeria Grid / Eventos,/home/horyu/Projetos/ciclismo_santa_helena_midias/facebook_fotos_organizadas/03_quadradas_galeria/357036989766920.jpg
3898971823467470.jpg,960,720,1.33,square,Galeria Grid / Eventos,/home/horyu/Projetos/ciclismo_santa_helena_midias/facebook_fotos_organizadas/03_quadradas_galeria/3898971823467470.jpg
3948128301885155.jpg,960,720,1.33,square,Galeria Grid / Eventos,/home/horyu/Projetos/ciclismo_santa_helena_midias/facebook_fotos_organizadas/03_quadradas_galeria/3948128301885155.jpg
333264715477481.jpg,687,960,0.72,mobile,Card Vertical / Mobile Stories,/home/horyu/Projetos/ciclismo_santa_helena_midias/facebook_fotos_organizadas/02_retratos_mobile/333264715477481.jpg
4039973972700587.jpg,958,1280,0.75,mobile,Card Vertical / Mobile Stories,/home/horyu/Projetos/ciclismo_santa_helena_midias/facebook_fotos_organizadas/02_retratos_mobile/4039973972700587.jpg
3676459479052040.jpg,960,720,1.33,square,Galeria Grid / Eventos,/home/horyu/Projetos/ciclismo_santa_helena_midias/facebook_fotos_organizadas/03_quadradas_galeria/3676459479052040.jpg
4229898960374753.jpg,828,1035,0.8,mobile,Card Vertical / Mobile Stories,/home/horyu/Projetos/ciclismo_santa_helena_midias/facebook_fotos_organizadas/02_retratos_mobile/4229898960374753.jpg
4064315503599767.jpg,960,960,1.0,square,Galeria Grid / Eventos,/home/horyu/Projetos/ciclismo_santa_helena_midias/facebook_fotos_organizadas/03_quadradas_galeria/4064315503599767.jpg
339437628193523.jpg,1440,1080,1.33,hero,Banner Hero / Carrossel Principal,/home/horyu/Projetos/ciclismo_santa_helena_midias/facebook_fotos_organizadas/01_banners_hero/339437628193523.jpg
4196896360341680.jpg,690,960,0.72,mobile,Card Vertical / Mobile Stories,/home/horyu/Projetos/ciclismo_santa_helena_midias/facebook_fotos_organizadas/02_retratos_mobile/4196896360341680.jpg
206209441516343.jpg,647,647,1.0,square,Galeria Grid / Eventos,/home/horyu/Projetos/ciclismo_santa_helena_midias/facebook_fotos_organizadas/03_quadradas_galeria/206209441516343.jpg
3579648078733181.jpg,720,720,1.0,square,Galeria Grid / Eventos,/home/horyu/Projetos/ciclismo_santa_helena_midias/facebook_fotos_organizadas/03_quadradas_galeria/3579648078733181.jpg
275711954566091.jpg,960,754,1.27,square,Galeria Grid / Eventos,/home/horyu/Projetos/ciclismo_santa_helena_midias/facebook_fotos_organizadas/03_quadradas_galeria/275711954566091.jpg
4270984506266198.jpg,960,720,1.33,square,Galeria Grid / Eventos,/home/horyu/Projetos/ciclismo_santa_helena_midias/facebook_fotos_organizadas/03_quadradas_galeria/4270984506266198.jpg
451782916958993.jpg,960,960,1.0,square,Galeria Grid / Eventos,/home/horyu/Projetos/ciclismo_santa_helena_midias/facebook_fotos_organizadas/03_quadradas_galeria/451782916958993.jpg
256062923197661.jpg,960,708,1.36,square,Galeria Grid / Eventos,/home/horyu/Projetos/ciclismo_santa_helena_midias/facebook_fotos_organizadas/03_quadradas_galeria/256062923197661.jpg
3661168303914491.jpg,1080,1285,0.84,mobile,Card Vertical / Mobile Stories,/home/horyu/Projetos/ciclismo_santa_helena_midias/facebook_fotos_organizadas/02_retratos_mobile/3661168303914491.jpg
237163335087620.jpg,960,720,1.33,square,Galeria Grid / Eventos,/home/horyu/Projetos/ciclismo_santa_helena_midias/facebook_fotos_organizadas/03_quadradas_galeria/237163335087620.jpg
3816674591697194.jpg,960,722,1.33,square,Galeria Grid / Eventos,/home/horyu/Projetos/ciclismo_santa_helena_midias/facebook_fotos_organizadas/03_quadradas_galeria/3816674591697194.jpg
4170515149646468.jpg,960,825,1.16,square,Galeria Grid / Eventos,/home/horyu/Projetos/ciclismo_santa_helena_midias/facebook_fotos_organizadas/03_quadradas_galeria/4170515149646468.jpg
3927157083982277.jpg,960,960,1.0,square,Galeria Grid / Eventos,/home/horyu/Projetos/ciclismo_santa_helena_midias/facebook_fotos_organizadas/03_quadradas_galeria/3927157083982277.jpg
239633291507291.jpg,1080,787,1.37,hero,Banner Hero / Carrossel Principal,/home/horyu/Projetos/ciclismo_santa_helena_midias/facebook_fotos_organizadas/01_banners_hero/239633291507291.jpg
451782836959001.jpg,960,960,1.0,square,Galeria Grid / Eventos,/home/horyu/Projetos/ciclismo_santa_helena_midias/facebook_fotos_organizadas/03_quadradas_galeria/451782836959001.jpg
3659214977443157.jpg,960,640,1.5,square,Galeria Grid / Eventos,/home/horyu/Projetos/ciclismo_santa_helena_midias/facebook_fotos_organizadas/03_quadradas_galeria/3659214977443157.jpg
215856513884969.jpg,1080,615,1.76,hero,Banner Hero / Carrossel Principal,/home/horyu/Projetos/ciclismo_santa_helena_midias/facebook_fotos_organizadas/01_banners_hero/215856513884969.jpg
3837271872970799.jpg,960,720,1.33,square,Galeria Grid / Eventos,/home/horyu/Projetos/ciclismo_santa_helena_midias/facebook_fotos_organizadas/03_quadradas_galeria/3837271872970799.jpg
218215630315724.jpg,960,960,1.0,square,Galeria Grid / Eventos,/home/horyu/Projetos/ciclismo_santa_helena_midias/facebook_fotos_organizadas/03_quadradas_galeria/218215630315724.jpg
3770403726324281.jpg,960,720,1.33,square,Galeria Grid / Eventos,/home/horyu/Projetos/ciclismo_santa_helena_midias/facebook_fotos_organizadas/03_quadradas_galeria/3770403726324281.jpg
219144546889499.jpg,1080,655,1.65,hero,Banner Hero / Carrossel Principal,/home/horyu/Projetos/ciclismo_santa_helena_midias/facebook_fotos_organizadas/01_banners_hero/219144546889499.jpg
3707124909318830.jpg,1215,796,1.53,hero,Banner Hero / Carrossel Principal,/home/horyu/Projetos/ciclismo_santa_helena_midias/facebook_fotos_organizadas/01_banners_hero/3707124909318830.jpg
3964292733602045.jpg,1280,1280,1.0,square,Galeria Grid / Eventos,/home/horyu/Projetos/ciclismo_santa_helena_midias/facebook_fotos_organizadas/03_quadradas_galeria/3964292733602045.jpg
229578605846093.jpg,960,960,1.0,square,Galeria Grid / Eventos,/home/horyu/Projetos/ciclismo_santa_helena_midias/facebook_fotos_organizadas/03_quadradas_galeria/229578605846093.jpg
555512749919342.jpg,1600,720,2.22,hero,Banner Hero / Carrossel Principal,/home/horyu/Projetos/ciclismo_santa_helena_midias/facebook_fotos_organizadas/01_banners_hero/555512749919342.jpg
3787884704576183.jpg,960,1200,0.8,mobile,Card Vertical / Mobile Stories,/home/horyu/Projetos/ciclismo_santa_helena_midias/facebook_fotos_organizadas/02_retratos_mobile/3787884704576183.jpg
268245808646039.jpg,720,960,0.75,mobile,Card Vertical / Mobile Stories,/home/horyu/Projetos/ciclismo_santa_helena_midias/facebook_fotos_organizadas/02_retratos_mobile/268245808646039.jpg
4093200284044622.jpg,1076,1076,1.0,square,Galeria Grid / Eventos,/home/horyu/Projetos/ciclismo_santa_helena_midias/facebook_fotos_organizadas/03_quadradas_galeria/4093200284044622.jpg
346353870835232.jpg,1080,783,1.38,hero,Banner Hero / Carrossel Principal,/home/horyu/Projetos/ciclismo_santa_helena_midias/facebook_fotos_organizadas/01_banners_hero/346353870835232.jpg
4326963550668293.jpg,1440,1440,1.0,square,Galeria Grid / Eventos,/home/horyu/Projetos/ciclismo_santa_helena_midias/facebook_fotos_organizadas/03_quadradas_galeria/4326963550668293.jpg
4154138187950831.jpg,1511,2015,0.75,mobile,Card Vertical / Mobile Stories,/home/horyu/Projetos/ciclismo_santa_helena_midias/facebook_fotos_organizadas/02_retratos_mobile/4154138187950831.jpg
288474286623191.jpg,960,720,1.33,square,Galeria Grid / Eventos,/home/horyu/Projetos/ciclismo_santa_helena_midias/facebook_fotos_organizadas/03_quadradas_galeria/288474286623191.jpg
285037430300210.jpg,1440,1080,1.33,hero,Banner Hero / Carrossel Principal,/home/horyu/Projetos/ciclismo_santa_helena_midias/facebook_fotos_organizadas/01_banners_hero/285037430300210.jpg
335174721953147.jpg,960,703,1.37,square,Galeria Grid / Eventos,/home/horyu/Projetos/ciclismo_santa_helena_midias/facebook_fotos_organizadas/03_quadradas_galeria/335174721953147.jpg
4200621746635808.jpg,1076,1131,0.95,square,Galeria Grid / Eventos,/home/horyu/Projetos/ciclismo_santa_helena_midias/facebook_fotos_organizadas/03_quadradas_galeria/4200621746635808.jpg
4119700228061294.jpg,960,720,1.33,square,Galeria Grid / Eventos,/home/horyu/Projetos/ciclismo_santa_helena_midias/facebook_fotos_organizadas/03_quadradas_galeria/4119700228061294.jpg
299414915529128.jpg,960,720,1.33,square,Galeria Grid / Eventos,/home/horyu/Projetos/ciclismo_santa_helena_midias/facebook_fotos_organizadas/03_quadradas_galeria/299414915529128.jpg
239184118218875.jpg,960,960,1.0,square,Galeria Grid / Eventos,/home/horyu/Projetos/ciclismo_santa_helena_midias/facebook_fotos_organizadas/03_quadradas_galeria/239184118218875.jpg
555512546586029.jpg,2048,1536,1.33,hero,Banner Hero / Carrossel Principal,/home/horyu/Projetos/ciclismo_santa_helena_midias/facebook_fotos_organizadas/01_banners_hero/555512546586029.jpg
275712047899415.jpg,960,720,1.33,square,Galeria Grid / Eventos,/home/horyu/Projetos/ciclismo_santa_helena_midias/facebook_fotos_organizadas/03_quadradas_galeria/275712047899415.jpg
614720037331946.jpg,1080,690,1.57,hero,Banner Hero / Carrossel Principal,/home/horyu/Projetos/ciclismo_santa_helena_midias/facebook_fotos_organizadas/01_banners_hero/614720037331946.jpg
451782730292345.jpg,960,960,1.0,square,Galeria Grid / Eventos,/home/horyu/Projetos/ciclismo_santa_helena_midias/facebook_fotos_organizadas/03_quadradas_galeria/451782730292345.jpg
3637451919619463.jpg,1440,1080,1.33,hero,Banner Hero / Carrossel Principal,/home/horyu/Projetos/ciclismo_santa_helena_midias/facebook_fotos_organizadas/01_banners_hero/3637451919619463.jpg
229248232545797.jpg,1080,602,1.79,hero,Banner Hero / Carrossel Principal,/home/horyu/Projetos/ciclismo_santa_helena_midias/facebook_fotos_organizadas/01_banners_hero/229248232545797.jpg
256062886530998.jpg,960,720,1.33,square,Galeria Grid / Eventos,/home/horyu/Projetos/ciclismo_santa_helena_midias/facebook_fotos_organizadas/03_quadradas_galeria/256062886530998.jpg
742167717920510.jpg,1280,720,1.78,hero,Banner Hero / Carrossel Principal,/home/horyu/Projetos/ciclismo_santa_helena_midias/facebook_fotos_organizadas/01_banners_hero/742167717920510.jpg
277641974373089.jpg,1440,1147,1.26,hero,Banner Hero / Carrossel Principal,/home/horyu/Projetos/ciclismo_santa_helena_midias/facebook_fotos_organizadas/01_banners_hero/277641974373089.jpg
4281928695171779.jpg,1080,918,1.18,square,Galeria Grid / Eventos,/home/horyu/Projetos/ciclismo_santa_helena_midias/facebook_fotos_organizadas/03_quadradas_galeria/4281928695171779.jpg
267365555400731.jpg,1080,1314,0.82,mobile,Card Vertical / Mobile Stories,/home/horyu/Projetos/ciclismo_santa_helena_midias/facebook_fotos_organizadas/02_retratos_mobile/267365555400731.jpg
4376468395717808.jpg,960,658,1.46,square,Galeria Grid / Eventos,/home/horyu/Projetos/ciclismo_santa_helena_midias/facebook_fotos_organizadas/03_quadradas_galeria/4376468395717808.jpg
286896676780952.jpg,594,594,1.0,thumb,Thumbnail / Ícone,/home/horyu/Projetos/ciclismo_santa_helena_midias/facebook_fotos_organizadas/04_pequenas_thumbnails/286896676780952.jpg
319686036835349.jpg,1440,1080,1.33,hero,Banner Hero / Carrossel Principal,/home/horyu/Projetos/ciclismo_santa_helena_midias/facebook_fotos_organizadas/01_banners_hero/319686036835349.jpg
274293918041228.jpg,1080,866,1.25,square,Galeria Grid / Eventos,/home/horyu/Projetos/ciclismo_santa_helena_midias/facebook_fotos_organizadas/03_quadradas_galeria/274293918041228.jpg
3934808609883791.jpg,960,722,1.33,square,Galeria Grid / Eventos,/home/horyu/Projetos/ciclismo_santa_helena_midias/facebook_fotos_organizadas/03_quadradas_galeria/3934808609883791.jpg
346337780836841.jpg,1080,819,1.32,hero,Banner Hero / Carrossel Principal,/home/horyu/Projetos/ciclismo_santa_helena_midias/facebook_fotos_organizadas/01_banners_hero/346337780836841.jpg
4025369637494354.jpg,960,960,1.0,square,Galeria Grid / Eventos,/home/horyu/Projetos/ciclismo_santa_helena_midias/facebook_fotos_organizadas/03_quadradas_galeria/4025369637494354.jpg
315185507285402.jpg,1024,1280,0.8,mobile,Card Vertical / Mobile Stories,/home/horyu/Projetos/ciclismo_santa_helena_midias/facebook_fotos_organizadas/02_retratos_mobile/315185507285402.jpg
259115512892402.jpg,1080,735,1.47,hero,Banner Hero / Carrossel Principal,/home/horyu/Projetos/ciclismo_santa_helena_midias/facebook_fotos_organizadas/01_banners_hero/259115512892402.jpg
4068745229823461.jpg,960,720,1.33,square,Galeria Grid / Eventos,/home/horyu/Projetos/ciclismo_santa_helena_midias/facebook_fotos_organizadas/03_quadradas_galeria/4068745229823461.jpg
3759922340705753.jpg,960,960,1.0,square,Galeria Grid / Eventos,/home/horyu/Projetos/ciclismo_santa_helena_midias/facebook_fotos_organizadas/03_quadradas_galeria/3759922340705753.jpg
268245908646029.jpg,720,960,0.75,mobile,Card Vertical / Mobile Stories,/home/horyu/Projetos/ciclismo_santa_helena_midias/facebook_fotos_organizadas/02_retratos_mobile/268245908646029.jpg
302068948597058.jpg,1440,1080,1.33,hero,Banner Hero / Carrossel Principal,/home/horyu/Projetos/ciclismo_santa_helena_midias/facebook_fotos_organizadas/01_banners_hero/302068948597058.jpg
299414828862470.jpg,960,720,1.33,square,Galeria Grid / Eventos,/home/horyu/Projetos/ciclismo_santa_helena_midias/facebook_fotos_organizadas/03_quadradas_galeria/299414828862470.jpg
3809247449106575.jpg,1280,960,1.33,hero,Banner Hero / Carrossel Principal,/home/horyu/Projetos/ciclismo_santa_helena_midias/facebook_fotos_organizadas/01_banners_hero/3809247449106575.jpg
3929413203756665.jpg,1440,1080,1.33,hero,Banner Hero / Carrossel Principal,/home/horyu/Projetos/ciclismo_santa_helena_midias/facebook_fotos_organizadas/01_banners_hero/3929413203756665.jpg
3826375630727090.jpg,720,960,0.75,mobile,Card Vertical / Mobile Stories,/home/horyu/Projetos/ciclismo_santa_helena_midias/facebook_fotos_organizadas/02_retratos_mobile/3826375630727090.jpg
4141985102499473.jpg,960,960,1.0,square,Galeria Grid / Eventos,/home/horyu/Projetos/ciclismo_santa_helena_midias/facebook_fotos_organizadas/03_quadradas_galeria/4141985102499473.jpg
854223623381585.jpg,1440,1152,1.25,hero,Banner Hero / Carrossel Principal,/home/horyu/Projetos/ciclismo_santa_helena_midias/facebook_fotos_organizadas/01_banners_hero/854223623381585.jpg
336218965182056.jpg,960,708,1.36,square,Galeria Grid / Eventos,/home/horyu/Projetos/ciclismo_santa_helena_midias/facebook_fotos_organizadas/03_quadradas_galeria/336218965182056.jpg
357037116433574.jpg,900,900,1.0,square,Galeria Grid / Eventos,/home/horyu/Projetos/ciclismo_santa_helena_midias/facebook_fotos_organizadas/03_quadradas_galeria/357037116433574.jpg
350471820423437.jpg,1056,789,1.34,hero,Banner Hero / Carrossel Principal,/home/horyu/Projetos/ciclismo_santa_helena_midias/facebook_fotos_organizadas/01_banners_hero/350471820423437.jpg
274176701386283.jpg,960,960,1.0,square,Galeria Grid / Eventos,/home/horyu/Projetos/ciclismo_santa_helena_midias/facebook_fotos_organizadas/03_quadradas_galeria/274176701386283.jpg
4125140897517227.jpg,1080,1350,0.8,mobile,Card Vertical / Mobile Stories,/home/horyu/Projetos/ciclismo_santa_helena_midias/facebook_fotos_organizadas/02_retratos_mobile/4125140897517227.jpg
277437111060242.jpg,960,960,1.0,square,Galeria Grid / Eventos,/home/horyu/Projetos/ciclismo_santa_helena_midias/facebook_fotos_organizadas/03_quadradas_galeria/277437111060242.jpg
4008192735878711.jpg,1280,960,1.33,hero,Banner Hero / Carrossel Principal,/home/horyu/Projetos/ciclismo_santa_helena_midias/facebook_fotos_organizadas/01_banners_hero/4008192735878711.jpg
3707427235955264.jpg,960,1200,0.8,mobile,Card Vertical / Mobile Stories,/home/horyu/Projetos/ciclismo_santa_helena_midias/facebook_fotos_organizadas/02_retratos_mobile/3707427235955264.jpg
4075058725858778.jpg,958,1280,0.75,mobile,Card Vertical / Mobile Stories,/home/horyu/Projetos/ciclismo_santa_helena_midias/facebook_fotos_organizadas/02_retratos_mobile/4075058725858778.jpg
3610634765634512.jpg,540,960,0.56,thumb,Thumbnail / Ícone,/home/horyu/Projetos/ciclismo_santa_helena_midias/facebook_fotos_organizadas/04_pequenas_thumbnails/3610634765634512.jpg
4282381855126463.jpg,1080,712,1.52,hero,Banner Hero / Carrossel Principal,/home/horyu/Projetos/ciclismo_santa_helena_midias/facebook_fotos_organizadas/01_banners_hero/4282381855126463.jpg
739354094868539.jpg,1080,1080,1.0,square,Galeria Grid / Eventos,/home/horyu/Projetos/ciclismo_santa_helena_midias/facebook_fotos_organizadas/03_quadradas_galeria/739354094868539.jpg
275712134566073.jpg,1422,640,2.22,hero,Banner Hero / Carrossel Principal,/home/horyu/Projetos/ciclismo_santa_helena_midias/facebook_fotos_organizadas/01_banners_hero/275712134566073.jpg
237163378420949.jpg,960,720,1.33,square,Galeria Grid / Eventos,/home/horyu/Projetos/ciclismo_santa_helena_midias/facebook_fotos_organizadas/03_quadradas_galeria/237163378420949.jpg
216128453857775.jpg,960,960,1.0,square,Galeria Grid / Eventos,/home/horyu/Projetos/ciclismo_santa_helena_midias/facebook_fotos_organizadas/03_quadradas_galeria/216128453857775.jpg
4089720907725893.jpg,960,720,1.33,square,Galeria Grid / Eventos,/home/horyu/Projetos/ciclismo_santa_helena_midias/facebook_fotos_organizadas/03_quadradas_galeria/4089720907725893.jpg
4275978765766772.jpg,1080,923,1.17,square,Galeria Grid / Eventos,/home/horyu/Projetos/ciclismo_santa_helena_midias/facebook_fotos_organizadas/03_quadradas_galeria/4275978765766772.jpg
4279286508769331.jpg,905,1280,0.71,mobile,Card Vertical / Mobile Stories,/home/horyu/Projetos/ciclismo_santa_helena_midias/facebook_fotos_organizadas/02_retratos_mobile/4279286508769331.jpg
3783924378305549.jpg,960,720,1.33,square,Galeria Grid / Eventos,/home/horyu/Projetos/ciclismo_santa_helena_midias/facebook_fotos_organizadas/03_quadradas_galeria/3783924378305549.jpg
257509833052970.jpg,1080,834,1.29,hero,Banner Hero / Carrossel Principal,/home/horyu/Projetos/ciclismo_santa_helena_midias/facebook_fotos_organizadas/01_banners_hero/257509833052970.jpg
4022213951143256.jpg,1000,1000,1.0,square,Galeria Grid / Eventos,/home/horyu/Projetos/ciclismo_santa_helena_midias/facebook_fotos_organizadas/03_quadradas_galeria/4022213951143256.jpg
309489391188347.jpg,1080,1350,0.8,mobile,Card Vertical / Mobile Stories,/home/horyu/Projetos/ciclismo_santa_helena_midias/facebook_fotos_organizadas/02_retratos_mobile/309489391188347.jpg
4096018443762806.jpg,1440,1080,1.33,hero,Banner Hero / Carrossel Principal,/home/horyu/Projetos/ciclismo_santa_helena_midias/facebook_fotos_organizadas/01_banners_hero/4096018443762806.jpg
451782976958987.jpg,960,960,1.0,square,Galeria Grid / Eventos,/home/horyu/Projetos/ciclismo_santa_helena_midias/facebook_fotos_organizadas/03_quadradas_galeria/451782976958987.jpg
268244351979518.jpg,960,960,1.0,square,Galeria Grid / Eventos,/home/horyu/Projetos/ciclismo_santa_helena_midias/facebook_fotos_organizadas/03_quadradas_galeria/268244351979518.jpg
302666071870679.jpg,960,653,1.47,square,Galeria Grid / Eventos,/home/horyu/Projetos/ciclismo_santa_helena_midias/facebook_fotos_organizadas/03_quadradas_galeria/302666071870679.jpg
4402647796433201.jpg,1080,861,1.25,hero,Banner Hero / Carrossel Principal,/home/horyu/Projetos/ciclismo_santa_helena_midias/facebook_fotos_organizadas/01_banners_hero/4402647796433201.jpg
275712411232712.jpg,960,960,1.0,square,Galeria Grid / Eventos,/home/horyu/Projetos/ciclismo_santa_helena_midias/facebook_fotos_organizadas/03_quadradas_galeria/275712411232712.jpg
302666115204008.jpg,960,700,1.37,square,Galeria Grid / Eventos,/home/horyu/Projetos/ciclismo_santa_helena_midias/facebook_fotos_organizadas/03_quadradas_galeria/302666115204008.jpg
210142434456377.jpg,1079,565,1.91,thumb,Thumbnail / Ícone,/home/horyu/Projetos/ciclismo_santa_helena_midias/facebook_fotos_organizadas/04_pequenas_thumbnails/210142434456377.jpg
299414625529157.jpg,960,720,1.33,square,Galeria Grid / Eventos,/home/horyu/Projetos/ciclismo_santa_helena_midias/facebook_fotos_organizadas/03_quadradas_galeria/299414625529157.jpg
3874682975896355.jpg,960,540,1.78,thumb,Thumbnail / Ícone,/home/horyu/Projetos/ciclismo_santa_helena_midias/facebook_fotos_organizadas/04_pequenas_thumbnails/3874682975896355.jpg
4181051278592855.jpg,1440,1080,1.33,hero,Banner Hero / Carrossel Principal,/home/horyu/Projetos/ciclismo_santa_helena_midias/facebook_fotos_organizadas/01_banners_hero/4181051278592855.jpg
4033683023329682.jpg,960,960,1.0,square,Galeria Grid / Eventos,/home/horyu/Projetos/ciclismo_santa_helena_midias/facebook_fotos_organizadas/03_quadradas_galeria/4033683023329682.jpg
672917784845504.jpg,2048,1068,1.92,hero,Banner Hero / Carrossel Principal,/home/horyu/Projetos/ciclismo_santa_helena_midias/facebook_fotos_organizadas/01_banners_hero/672917784845504.jpg
232255525578401.jpg,960,720,1.33,square,Galeria Grid / Eventos,/home/horyu/Projetos/ciclismo_santa_helena_midias/facebook_fotos_organizadas/03_quadradas_galeria/232255525578401.jpg
4135362479828402.jpg,960,720,1.33,square,Galeria Grid / Eventos,/home/horyu/Projetos/ciclismo_santa_helena_midias/facebook_fotos_organizadas/03_quadradas_galeria/4135362479828402.jpg
3745357862162201.jpg,960,720,1.33,square,Galeria Grid / Eventos,/home/horyu/Projetos/ciclismo_santa_helena_midias/facebook_fotos_organizadas/03_quadradas_galeria/3745357862162201.jpg
4033682923329692.jpg,724,724,1.0,square,Galeria Grid / Eventos,/home/horyu/Projetos/ciclismo_santa_helena_midias/facebook_fotos_organizadas/03_quadradas_galeria/4033682923329692.jpg
274176494719637.jpg,719,960,0.75,mobile,Card Vertical / Mobile Stories,/home/horyu/Projetos/ciclismo_santa_helena_midias/facebook_fotos_organizadas/02_retratos_mobile/274176494719637.jpg
230322215771732.jpg,550,550,1.0,thumb,Thumbnail / Ícone,/home/horyu/Projetos/ciclismo_santa_helena_midias/facebook_fotos_organizadas/04_pequenas_thumbnails/230322215771732.jpg
743724621098153.jpg,960,960,1.0,square,Galeria Grid / Eventos,/home/horyu/Projetos/ciclismo_santa_helena_midias/facebook_fotos_organizadas/03_quadradas_galeria/743724621098153.jpg
218215500315737.jpg,960,960,1.0,square,Galeria Grid / Eventos,/home/horyu/Projetos/ciclismo_santa_helena_midias/facebook_fotos_organizadas/03_quadradas_galeria/218215500315737.jpg
218945443576076.jpg,1080,615,1.76,hero,Banner Hero / Carrossel Principal,/home/horyu/Projetos/ciclismo_santa_helena_midias/facebook_fotos_organizadas/01_banners_hero/218945443576076.jpg
533546678782616.jpg,1080,844,1.28,hero,Banner Hero / Carrossel Principal,/home/horyu/Projetos/ciclismo_santa_helena_midias/facebook_fotos_organizadas/01_banners_hero/533546678782616.jpg
555512233252727.jpg,750,750,1.0,square,Galeria Grid / Eventos,/home/horyu/Projetos/ciclismo_santa_helena_midias/facebook_fotos_organizadas/03_quadradas_galeria/555512233252727.jpg
743724714431477.jpg,900,900,1.0,square,Galeria Grid / Eventos,/home/horyu/Projetos/ciclismo_santa_helena_midias/facebook_fotos_organizadas/03_quadradas_galeria/743724714431477.jpg
877849944352286.jpg,1280,960,1.33,hero,Banner Hero / Carrossel Principal,/home/horyu/Projetos/ciclismo_santa_helena_midias/facebook_fotos_organizadas/01_banners_hero/877849944352286.jpg
243692057768081.jpg,960,808,1.19,square,Galeria Grid / Eventos,/home/horyu/Projetos/ciclismo_santa_helena_midias/facebook_fotos_organizadas/03_quadradas_galeria/243692057768081.jpg
345886857548600.jpg,960,705,1.36,square,Galeria Grid / Eventos,/home/horyu/Projetos/ciclismo_santa_helena_midias/facebook_fotos_organizadas/03_quadradas_galeria/345886857548600.jpg
337751681695451.jpg,1080,791,1.37,hero,Banner Hero / Carrossel Principal,/home/horyu/Projetos/ciclismo_santa_helena_midias/facebook_fotos_organizadas/01_banners_hero/337751681695451.jpg
311501360987150.jpg,1080,656,1.65,hero,Banner Hero / Carrossel Principal,/home/horyu/Projetos/ciclismo_santa_helena_midias/facebook_fotos_organizadas/01_banners_hero/311501360987150.jpg
274943364642950.jpg,1440,1200,1.2,square,Galeria Grid / Eventos,/home/horyu/Projetos/ciclismo_santa_helena_midias/facebook_fotos_organizadas/03_quadradas_galeria/274943364642950.jpg
4093199490711368.jpg,720,587,1.23,thumb,Thumbnail / Ícone,/home/horyu/Projetos/ciclismo_santa_helena_midias/facebook_fotos_organizadas/04_pequenas_thumbnails/4093199490711368.jpg
216127570524530.jpg,941,960,0.98,square,Galeria Grid / Eventos,/home/horyu/Projetos/ciclismo_santa_helena_midias/facebook_fotos_organizadas/03_quadradas_galeria/216127570524530.jpg
3767747926589861.jpg,960,720,1.33,square,Galeria Grid / Eventos,/home/horyu/Projetos/ciclismo_santa_helena_midias/facebook_fotos_organizadas/03_quadradas_galeria/3767747926589861.jpg
309111284559491.jpg,960,696,1.38,square,Galeria Grid / Eventos,/home/horyu/Projetos/ciclismo_santa_helena_midias/facebook_fotos_organizadas/03_quadradas_galeria/309111284559491.jpg
672917684845514.jpg,1080,1080,1.0,square,Galeria Grid / Eventos,/home/horyu/Projetos/ciclismo_santa_helena_midias/facebook_fotos_organizadas/03_quadradas_galeria/672917684845514.jpg
275712014566085.jpg,960,720,1.33,square,Galeria Grid / Eventos,/home/horyu/Projetos/ciclismo_santa_helena_midias/facebook_fotos_organizadas/03_quadradas_galeria/275712014566085.jpg
742167757920506.jpg,1280,720,1.78,hero,Banner Hero / Carrossel Principal,/home/horyu/Projetos/ciclismo_santa_helena_midias/facebook_fotos_organizadas/01_banners_hero/742167757920506.jpg
4088686371162680.jpg,1440,1080,1.33,hero,Banner Hero / Carrossel Principal,/home/horyu/Projetos/ciclismo_santa_helena_midias/facebook_fotos_organizadas/01_banners_hero/4088686371162680.jpg
3634860076545314.jpg,1280,960,1.33,hero,Banner Hero / Carrossel Principal,/home/horyu/Projetos/ciclismo_santa_helena_midias/facebook_fotos_organizadas/01_banners_hero/3634860076545314.jpg
4377153842315930.jpg,720,868,0.83,mobile,Card Vertical / Mobile Stories,/home/horyu/Projetos/ciclismo_santa_helena_midias/facebook_fotos_organizadas/02_retratos_mobile/4377153842315930.jpg
357036773100275.jpg,581,581,1.0,thumb,Thumbnail / Ícone,/home/horyu/Projetos/ciclismo_santa_helena_midias/facebook_fotos_organizadas/04_pequenas_thumbnails/357036773100275.jpg
246303090840311.jpg,960,960,1.0,square,Galeria Grid / Eventos,/home/horyu/Projetos/ciclismo_santa_helena_midias/facebook_fotos_organizadas/03_quadradas_galeria/246303090840311.jpg
624158116388138.jpg,720,1280,0.56,mobile,Card Vertical / Mobile Stories,/home/horyu/Projetos/ciclismo_santa_helena_midias/facebook_fotos_organizadas/02_retratos_mobile/624158116388138.jpg
780236974113584.jpg,1080,1350,0.8,mobile,Card Vertical / Mobile Stories,/home/horyu/Projetos/ciclismo_santa_helena_midias/facebook_fotos_organizadas/02_retratos_mobile/780236974113584.jpg
216128063857814.jpg,749,960,0.78,mobile,Card Vertical / Mobile Stories,/home/horyu/Projetos/ciclismo_santa_helena_midias/facebook_fotos_organizadas/02_retratos_mobile/216128063857814.jpg
588400693297214.jpg,960,682,1.41,square,Galeria Grid / Eventos,/home/horyu/Projetos/ciclismo_santa_helena_midias/facebook_fotos_organizadas/03_quadradas_galeria/588400693297214.jpg
227331419404145.jpg,960,639,1.5,square,Galeria Grid / Eventos,/home/horyu/Projetos/ciclismo_santa_helena_midias/facebook_fotos_organizadas/03_quadradas_galeria/227331419404145.jpg
3783924291638891.jpg,960,720,1.33,square,Galeria Grid / Eventos,/home/horyu/Projetos/ciclismo_santa_helena_midias/facebook_fotos_organizadas/03_quadradas_galeria/3783924291638891.jpg
4043344079030243.jpg,864,864,1.0,square,Galeria Grid / Eventos,/home/horyu/Projetos/ciclismo_santa_helena_midias/facebook_fotos_organizadas/03_quadradas_galeria/4043344079030243.jpg
4353696744661640.jpg,951,720,1.32,square,Galeria Grid / Eventos,/home/horyu/Projetos/ciclismo_santa_helena_midias/facebook_fotos_organizadas/03_quadradas_galeria/4353696744661640.jpg
4118262378205079.jpg,1080,1643,0.66,mobile,Card Vertical / Mobile Stories,/home/horyu/Projetos/ciclismo_santa_helena_midias/facebook_fotos_organizadas/02_retratos_mobile/4118262378205079.jpg
4246747318689917.jpg,1080,820,1.32,hero,Banner Hero / Carrossel Principal,/home/horyu/Projetos/ciclismo_santa_helena_midias/facebook_fotos_organizadas/01_banners_hero/4246747318689917.jpg
4208934652471184.jpg,1066,812,1.31,hero,Banner Hero / Carrossel Principal,/home/horyu/Projetos/ciclismo_santa_helena_midias/facebook_fotos_organizadas/01_banners_hero/4208934652471184.jpg
780236727446942.jpg,768,768,1.0,square,Galeria Grid / Eventos,/home/horyu/Projetos/ciclismo_santa_helena_midias/facebook_fotos_organizadas/03_quadradas_galeria/780236727446942.jpg
743724667764815.jpg,1080,1080,1.0,square,Galeria Grid / Eventos,/home/horyu/Projetos/ciclismo_santa_helena_midias/facebook_fotos_organizadas/03_quadradas_galeria/743724667764815.jpg
274176998052920.jpg,720,960,0.75,mobile,Card Vertical / Mobile Stories,/home/horyu/Projetos/ciclismo_santa_helena_midias/facebook_fotos_organizadas/02_retratos_mobile/274176998052920.jpg
4010036919027626.jpg,960,960,1.0,square,Galeria Grid / Eventos,/home/horyu/Projetos/ciclismo_santa_helena_midias/facebook_fotos_organizadas/03_quadradas_galeria/4010036919027626.jpg
274176734719613.jpg,960,960,1.0,square,Galeria Grid / Eventos,/home/horyu/Projetos/ciclismo_santa_helena_midias/facebook_fotos_organizadas/03_quadradas_galeria/274176734719613.jpg
274177088052911.jpg,720,960,0.75,mobile,Card Vertical / Mobile Stories,/home/horyu/Projetos/ciclismo_santa_helena_midias/facebook_fotos_organizadas/02_retratos_mobile/274177088052911.jpg
4254892791208703.jpg,1080,858,1.26,hero,Banner Hero / Carrossel Principal,/home/horyu/Projetos/ciclismo_santa_helena_midias/facebook_fotos_organizadas/01_banners_hero/4254892791208703.jpg
253424273461526.jpg,960,720,1.33,square,Galeria Grid / Eventos,/home/horyu/Projetos/ciclismo_santa_helena_midias/facebook_fotos_organizadas/03_quadradas_galeria/253424273461526.jpg
3770096516355002.jpg,720,960,0.75,mobile,Card Vertical / Mobile Stories,/home/horyu/Projetos/ciclismo_santa_helena_midias/facebook_fotos_organizadas/02_retratos_mobile/3770096516355002.jpg
4157669617597688.jpg,1440,923,1.56,hero,Banner Hero / Carrossel Principal,/home/horyu/Projetos/ciclismo_santa_helena_midias/facebook_fotos_organizadas/01_banners_hero/4157669617597688.jpg
857079276429353.jpg,1080,814,1.33,hero,Banner Hero / Carrossel Principal,/home/horyu/Projetos/ciclismo_santa_helena_midias/facebook_fotos_organizadas/01_banners_hero/857079276429353.jpg
402957111841574.jpg,960,720,1.33,square,Galeria Grid / Eventos,/home/horyu/Projetos/ciclismo_santa_helena_midias/facebook_fotos_organizadas/03_quadradas_galeria/402957111841574.jpg
3907483062616346.jpg,960,720,1.33,square,Galeria Grid / Eventos,/home/horyu/Projetos/ciclismo_santa_helena_midias/facebook_fotos_organizadas/03_quadradas_galeria/3907483062616346.jpg
4255307174500598.jpg,1080,765,1.41,hero,Banner Hero / Carrossel Principal,/home/horyu/Projetos/ciclismo_santa_helena_midias/facebook_fotos_organizadas/01_banners_hero/4255307174500598.jpg
4046053498759301.jpg,958,1280,0.75,mobile,Card Vertical / Mobile Stories,/home/horyu/Projetos/ciclismo_santa_helena_midias/facebook_fotos_organizadas/02_retratos_mobile/4046053498759301.jpg
4196896253675024.jpg,960,757,1.27,square,Galeria Grid / Eventos,/home/horyu/Projetos/ciclismo_santa_helena_midias/facebook_fotos_organizadas/03_quadradas_galeria/4196896253675024.jpg
3714254968605824.jpg,960,720,1.33,square,Galeria Grid / Eventos,/home/horyu/Projetos/ciclismo_santa_helena_midias/facebook_fotos_organizadas/03_quadradas_galeria/3714254968605824.jpg
672074751596474.jpg,1080,1350,0.8,mobile,Card Vertical / Mobile Stories,/home/horyu/Projetos/ciclismo_santa_helena_midias/facebook_fotos_organizadas/02_retratos_mobile/672074751596474.jpg
4194932827204700.jpg,480,600,0.8,thumb,Thumbnail / Ícone,/home/horyu/Projetos/ciclismo_santa_helena_midias/facebook_fotos_organizadas/04_pequenas_thumbnails/4194932827204700.jpg
4187919944572655.jpg,1080,979,1.1,square,Galeria Grid / Eventos,/home/horyu/Projetos/ciclismo_santa_helena_midias/facebook_fotos_organizadas/03_quadradas_galeria/4187919944572655.jpg
292997002837586.jpg,960,960,1.0,square,Galeria Grid / Eventos,/home/horyu/Projetos/ciclismo_santa_helena_midias/facebook_fotos_organizadas/03_quadradas_galeria/292997002837586.jpg
3940584485972870.jpg,784,784,1.0,square,Galeria Grid / Eventos,/home/horyu/Projetos/ciclismo_santa_helena_midias/facebook_fotos_organizadas/03_quadradas_galeria/3940584485972870.jpg
299414782195808.jpg,960,720,1.33,square,Galeria Grid / Eventos,/home/horyu/Projetos/ciclismo_santa_helena_midias/facebook_fotos_organizadas/03_quadradas_galeria/299414782195808.jpg
302666035204016.jpg,960,622,1.54,square,Galeria Grid / Eventos,/home/horyu/Projetos/ciclismo_santa_helena_midias/facebook_fotos_organizadas/03_quadradas_galeria/302666035204016.jpg
4146989891998994.jpg,1440,1080,1.33,hero,Banner Hero / Carrossel Principal,/home/horyu/Projetos/ciclismo_santa_helena_midias/facebook_fotos_organizadas/01_banners_hero/4146989891998994.jpg
4200732276624755.jpg,1080,863,1.25,hero,Banner Hero / Carrossel Principal,/home/horyu/Projetos/ciclismo_santa_helena_midias/facebook_fotos_organizadas/01_banners_hero/4200732276624755.jpg
213716894098931.jpg,1080,709,1.52,hero,Banner Hero / Carrossel Principal,/home/horyu/Projetos/ciclismo_santa_helena_midias/facebook_fotos_organizadas/01_banners_hero/213716894098931.jpg
357036943100258.jpg,960,960,1.0,square,Galeria Grid / Eventos,/home/horyu/Projetos/ciclismo_santa_helena_midias/facebook_fotos_organizadas/03_quadradas_galeria/357036943100258.jpg
327794729357813.jpg,960,960,1.0,square,Galeria Grid / Eventos,/home/horyu/Projetos/ciclismo_santa_helena_midias/facebook_fotos_organizadas/03_quadradas_galeria/327794729357813.jpg
3898971233467529.jpg,1280,592,2.16,thumb,Thumbnail / Ícone,/home/horyu/Projetos/ciclismo_santa_helena_midias/facebook_fotos_organizadas/04_pequenas_thumbnails/3898971233467529.jpg
4135511203146863.jpg,1080,1350,0.8,mobile,Card Vertical / Mobile Stories,/home/horyu/Projetos/ciclismo_santa_helena_midias/facebook_fotos_organizadas/02_retratos_mobile/4135511203146863.jpg
4122518577779459.jpg,1080,1080,1.0,square,Galeria Grid / Eventos,/home/horyu/Projetos/ciclismo_santa_helena_midias/facebook_fotos_organizadas/03_quadradas_galeria/4122518577779459.jpg
3579648012066521.jpg,720,720,1.0,square,Galeria Grid / Eventos,/home/horyu/Projetos/ciclismo_santa_helena_midias/facebook_fotos_organizadas/03_quadradas_galeria/3579648012066521.jpg
372605251543427.jpg,540,369,1.46,thumb,Thumbnail / Ícone,/home/horyu/Projetos/ciclismo_santa_helena_midias/facebook_fotos_organizadas/04_pequenas_thumbnails/372605251543427.jpg
226808242789796.jpg,960,960,1.0,square,Galeria Grid / Eventos,/home/horyu/Projetos/ciclismo_santa_helena_midias/facebook_fotos_organizadas/03_quadradas_galeria/226808242789796.jpg
357036903100262.jpg,960,960,1.0,square,Galeria Grid / Eventos,/home/horyu/Projetos/ciclismo_santa_helena_midias/facebook_fotos_organizadas/03_quadradas_galeria/357036903100262.jpg
555512843252666.jpg,1600,720,2.22,hero,Banner Hero / Carrossel Principal,/home/horyu/Projetos/ciclismo_santa_helena_midias/facebook_fotos_organizadas/01_banners_hero/555512843252666.jpg
268244655312821.jpg,720,960,0.75,mobile,Card Vertical / Mobile Stories,/home/horyu/Projetos/ciclismo_santa_helena_midias/facebook_fotos_organizadas/02_retratos_mobile/268244655312821.jpg
342442694559683.jpg,1612,2015,0.8,mobile,Card Vertical / Mobile Stories,/home/horyu/Projetos/ciclismo_santa_helena_midias/facebook_fotos_organizadas/02_retratos_mobile/342442694559683.jpg
364855478985071.jpg,540,404,1.34,thumb,Thumbnail / Ícone,/home/horyu/Projetos/ciclismo_santa_helena_midias/facebook_fotos_organizadas/04_pequenas_thumbnails/364855478985071.jpg
311418047662148.jpg,1080,721,1.5,hero,Banner Hero / Carrossel Principal,/home/horyu/Projetos/ciclismo_santa_helena_midias/facebook_fotos_organizadas/01_banners_hero/311418047662148.jpg
3853103511387635.jpg,960,720,1.33,square,Galeria Grid / Eventos,/home/horyu/Projetos/ciclismo_santa_helena_midias/facebook_fotos_organizadas/03_quadradas_galeria/3853103511387635.jpg
3993582200673098.jpg,960,960,1.0,square,Galeria Grid / Eventos,/home/horyu/Projetos/ciclismo_santa_helena_midias/facebook_fotos_organizadas/03_quadradas_galeria/3993582200673098.jpg
780237087446906.jpg,1080,1350,0.8,mobile,Card Vertical / Mobile Stories,/home/horyu/Projetos/ciclismo_santa_helena_midias/facebook_fotos_organizadas/02_retratos_mobile/780237087446906.jpg
4077005602330757.jpg,960,720,1.33,square,Galeria Grid / Eventos,/home/horyu/Projetos/ciclismo_santa_helena_midias/facebook_fotos_organizadas/03_quadradas_galeria/4077005602330757.jpg
214408827363071.jpg,1080,699,1.55,hero,Banner Hero / Carrossel Principal,/home/horyu/Projetos/ciclismo_santa_helena_midias/facebook_fotos_organizadas/01_banners_hero/214408827363071.jpg
4149890865042230.jpg,1280,843,1.52,hero,Banner Hero / Carrossel Principal,/home/horyu/Projetos/ciclismo_santa_helena_midias/facebook_fotos_organizadas/01_banners_hero/4149890865042230.jpg
3880302192001100.jpg,960,731,1.31,square,Galeria Grid / Eventos,/home/horyu/Projetos/ciclismo_santa_helena_midias/facebook_fotos_organizadas/03_quadradas_galeria/3880302192001100.jpg
3730825760282078.jpg,960,718,1.34,square,Galeria Grid / Eventos,/home/horyu/Projetos/ciclismo_santa_helena_midias/facebook_fotos_organizadas/03_quadradas_galeria/3730825760282078.jpg
743724881098127.jpg,592,592,1.0,thumb,Thumbnail / Ícone,/home/horyu/Projetos/ciclismo_santa_helena_midias/facebook_fotos_organizadas/04_pequenas_thumbnails/743724881098127.jpg
4085967911434526.jpg,1612,2015,0.8,mobile,Card Vertical / Mobile Stories,/home/horyu/Projetos/ciclismo_santa_helena_midias/facebook_fotos_organizadas/02_retratos_mobile/4085967911434526.jpg
3634860836545238.jpg,1440,1080,1.33,hero,Banner Hero / Carrossel Principal,/home/horyu/Projetos/ciclismo_santa_helena_midias/facebook_fotos_organizadas/01_banners_hero/3634860836545238.jpg
266538335483453.jpg,1280,1280,1.0,square,Galeria Grid / Eventos,/home/horyu/Projetos/ciclismo_santa_helena_midias/facebook_fotos_organizadas/03_quadradas_galeria/266538335483453.jpg
3745357725495548.jpg,960,886,1.08,square,Galeria Grid / Eventos,/home/horyu/Projetos/ciclismo_santa_helena_midias/facebook_fotos_organizadas/03_quadradas_galeria/3745357725495548.jpg
4077005155664135.jpg,960,960,1.0,square,Galeria Grid / Eventos,/home/horyu/Projetos/ciclismo_santa_helena_midias/facebook_fotos_organizadas/03_quadradas_galeria/4077005155664135.jpg
3853103978054255.jpg,960,720,1.33,square,Galeria Grid / Eventos,/home/horyu/Projetos/ciclismo_santa_helena_midias/facebook_fotos_organizadas/03_quadradas_galeria/3853103978054255.jpg
4342142619150386.jpg,1080,900,1.2,square,Galeria Grid / Eventos,/home/horyu/Projetos/ciclismo_santa_helena_midias/facebook_fotos_organizadas/03_quadradas_galeria/4342142619150386.jpg
274176601386293.jpg,960,720,1.33,square,Galeria Grid / Eventos,/home/horyu/Projetos/ciclismo_santa_helena_midias/facebook_fotos_organizadas/03_quadradas_galeria/274176601386293.jpg
4347244541973527.jpg,960,720,1.33,square,Galeria Grid / Eventos,/home/horyu/Projetos/ciclismo_santa_helena_midias/facebook_fotos_organizadas/03_quadradas_galeria/4347244541973527.jpg
642049354599014.jpg,2048,1652,1.24,square,Galeria Grid / Eventos,/home/horyu/Projetos/ciclismo_santa_helena_midias/facebook_fotos_organizadas/03_quadradas_galeria/642049354599014.jpg
967195858751027.jpg,1280,853,1.5,hero,Banner Hero / Carrossel Principal,/home/horyu/Projetos/ciclismo_santa_helena_midias/facebook_fotos_organizadas/01_banners_hero/967195858751027.jpg
210190057784948.jpg,1080,1358,0.8,mobile,Card Vertical / Mobile Stories,/home/horyu/Projetos/ciclismo_santa_helena_midias/facebook_fotos_organizadas/02_retratos_mobile/210190057784948.jpg
960926296044650.jpg,1080,1316,0.82,mobile,Card Vertical / Mobile Stories,/home/horyu/Projetos/ciclismo_santa_helena_midias/facebook_fotos_organizadas/02_retratos_mobile/960926296044650.jpg
3768778036486850.jpg,810,1080,0.75,mobile,Card Vertical / Mobile Stories,/home/horyu/Projetos/ciclismo_santa_helena_midias/facebook_fotos_organizadas/02_retratos_mobile/3768778036486850.jpg
4170514949646488.jpg,960,732,1.31,square,Galeria Grid / Eventos,/home/horyu/Projetos/ciclismo_santa_helena_midias/facebook_fotos_organizadas/03_quadradas_galeria/4170514949646488.jpg
3952133521484633.jpg,960,540,1.78,thumb,Thumbnail / Ícone,/home/horyu/Projetos/ciclismo_santa_helena_midias/facebook_fotos_organizadas/04_pequenas_thumbnails/3952133521484633.jpg
255405996596687.jpg,1073,784,1.37,hero,Banner Hero / Carrossel Principal,/home/horyu/Projetos/ciclismo_santa_helena_midias/facebook_fotos_organizadas/01_banners_hero/255405996596687.jpg
4156990187665631.jpg,1080,808,1.34,hero,Banner Hero / Carrossel Principal,/home/horyu/Projetos/ciclismo_santa_helena_midias/facebook_fotos_organizadas/01_banners_hero/4156990187665631.jpg
279723610831592.jpg,960,720,1.33,square,Galeria Grid / Eventos,/home/horyu/Projetos/ciclismo_santa_helena_midias/facebook_fotos_organizadas/03_quadradas_galeria/279723610831592.jpg
246302927506994.jpg,960,960,1.0,square,Galeria Grid / Eventos,/home/horyu/Projetos/ciclismo_santa_helena_midias/facebook_fotos_organizadas/03_quadradas_galeria/246302927506994.jpg
3789103731120947.jpg,960,720,1.33,square,Galeria Grid / Eventos,/home/horyu/Projetos/ciclismo_santa_helena_midias/facebook_fotos_organizadas/03_quadradas_galeria/3789103731120947.jpg
3819706358060684.jpg,690,862,0.8,mobile,Card Vertical / Mobile Stories,/home/horyu/Projetos/ciclismo_santa_helena_midias/facebook_fotos_organizadas/02_retratos_mobile/3819706358060684.jpg
4353695337995114.jpg,960,577,1.66,thumb,Thumbnail / Ícone,/home/horyu/Projetos/ciclismo_santa_helena_midias/facebook_fotos_organizadas/04_pequenas_thumbnails/4353695337995114.jpg
780237047446910.jpg,1080,1350,0.8,mobile,Card Vertical / Mobile Stories,/home/horyu/Projetos/ciclismo_santa_helena_midias/facebook_fotos_organizadas/02_retratos_mobile/780237047446910.jpg
394376569366295.jpg,710,710,1.0,square,Galeria Grid / Eventos,/home/horyu/Projetos/ciclismo_santa_helena_midias/facebook_fotos_organizadas/03_quadradas_galeria/394376569366295.jpg
4025373514160633.jpg,720,720,1.0,square,Galeria Grid / Eventos,/home/horyu/Projetos/ciclismo_santa_helena_midias/facebook_fotos_organizadas/03_quadradas_galeria/4025373514160633.jpg
4078391802192137.jpg,1440,1080,1.33,hero,Banner Hero / Carrossel Principal,/home/horyu/Projetos/ciclismo_santa_helena_midias/facebook_fotos_organizadas/01_banners_hero/4078391802192137.jpg
667891318681484.jpg,1280,960,1.33,hero,Banner Hero / Carrossel Principal,/home/horyu/Projetos/ciclismo_santa_helena_midias/facebook_fotos_organizadas/01_banners_hero/667891318681484.jpg
399422915528327.jpg,1000,987,1.01,square,Galeria Grid / Eventos,/home/horyu/Projetos/ciclismo_santa_helena_midias/facebook_fotos_organizadas/03_quadradas_galeria/399422915528327.jpg
773451688125446.jpg,2048,1224,1.67,hero,Banner Hero / Carrossel Principal,/home/horyu/Projetos/ciclismo_santa_helena_midias/facebook_fotos_organizadas/01_banners_hero/773451688125446.jpg
277437214393565.jpg,960,960,1.0,square,Galeria Grid / Eventos,/home/horyu/Projetos/ciclismo_santa_helena_midias/facebook_fotos_organizadas/03_quadradas_galeria/277437214393565.jpg
624158066388143.jpg,1080,1080,1.0,square,Galeria Grid / Eventos,/home/horyu/Projetos/ciclismo_santa_helena_midias/facebook_fotos_organizadas/03_quadradas_galeria/624158066388143.jpg
245629184241035.jpg,720,720,1.0,square,Galeria Grid / Eventos,/home/horyu/Projetos/ciclismo_santa_helena_midias/facebook_fotos_organizadas/03_quadradas_galeria/245629184241035.jpg
4009973702367281.jpg,1440,1080,1.33,hero,Banner Hero / Carrossel Principal,/home/horyu/Projetos/ciclismo_santa_helena_midias/facebook_fotos_organizadas/01_banners_hero/4009973702367281.jpg
335174755286477.jpg,960,703,1.37,square,Galeria Grid / Eventos,/home/horyu/Projetos/ciclismo_santa_helena_midias/facebook_fotos_organizadas/03_quadradas_galeria/335174755286477.jpg
562376235899660.jpg,960,725,1.32,square,Galeria Grid / Eventos,/home/horyu/Projetos/ciclismo_santa_helena_midias/facebook_fotos_organizadas/03_quadradas_galeria/562376235899660.jpg
219138696890084.jpg,1080,642,1.68,hero,Banner Hero / Carrossel Principal,/home/horyu/Projetos/ciclismo_santa_helena_midias/facebook_fotos_organizadas/01_banners_hero/219138696890084.jpg
672917761512173.jpg,1080,1080,1.0,square,Galeria Grid / Eventos,/home/horyu/Projetos/ciclismo_santa_helena_midias/facebook_fotos_organizadas/03_quadradas_galeria/672917761512173.jpg
225333936270560.jpg,960,540,1.78,thumb,Thumbnail / Ícone,/home/horyu/Projetos/ciclismo_santa_helena_midias/facebook_fotos_organizadas/04_pequenas_thumbnails/225333936270560.jpg
4153104231387560.jpg,960,599,1.6,thumb,Thumbnail / Ícone,/home/horyu/Projetos/ciclismo_santa_helena_midias/facebook_fotos_organizadas/04_pequenas_thumbnails/4153104231387560.jpg
377217937748825.jpg,540,398,1.36,thumb,Thumbnail / Ícone,/home/horyu/Projetos/ciclismo_santa_helena_midias/facebook_fotos_organizadas/04_pequenas_thumbnails/377217937748825.jpg
614719790665304.jpg,1080,534,2.02,thumb,Thumbnail / Ícone,/home/horyu/Projetos/ciclismo_santa_helena_midias/facebook_fotos_organizadas/04_pequenas_thumbnails/614719790665304.jpg
3841237042574282.jpg,960,720,1.33,square,Galeria Grid / Eventos,/home/horyu/Projetos/ciclismo_santa_helena_midias/facebook_fotos_organizadas/03_quadradas_galeria/3841237042574282.jpg
855475786589702.jpg,2048,1639,1.25,square,Galeria Grid / Eventos,/home/horyu/Projetos/ciclismo_santa_helena_midias/facebook_fotos_organizadas/03_quadradas_galeria/855475786589702.jpg
4183753468322636.jpg,1280,590,2.17,thumb,Thumbnail / Ícone,/home/horyu/Projetos/ciclismo_santa_helena_midias/facebook_fotos_organizadas/04_pequenas_thumbnails/4183753468322636.jpg
4015551148476203.jpg,1504,2015,0.75,mobile,Card Vertical / Mobile Stories,/home/horyu/Projetos/ciclismo_santa_helena_midias/facebook_fotos_organizadas/02_retratos_mobile/4015551148476203.jpg
262524292551524.jpg,960,720,1.33,square,Galeria Grid / Eventos,/home/horyu/Projetos/ciclismo_santa_helena_midias/facebook_fotos_organizadas/03_quadradas_galeria/262524292551524.jpg
3874682892563030.jpg,960,540,1.78,thumb,Thumbnail / Ícone,/home/horyu/Projetos/ciclismo_santa_helena_midias/facebook_fotos_organizadas/04_pequenas_thumbnails/3874682892563030.jpg
246303054173648.jpg,960,960,1.0,square,Galeria Grid / Eventos,/home/horyu/Projetos/ciclismo_santa_helena_midias/facebook_fotos_organizadas/03_quadradas_galeria/246303054173648.jpg
4077004848997499.jpg,960,720,1.33,square,Galeria Grid / Eventos,/home/horyu/Projetos/ciclismo_santa_helena_midias/facebook_fotos_organizadas/03_quadradas_galeria/4077004848997499.jpg
319122670225019.jpg,960,868,1.11,square,Galeria Grid / Eventos,/home/horyu/Projetos/ciclismo_santa_helena_midias/facebook_fotos_organizadas/03_quadradas_galeria/319122670225019.jpg
310760621061224.jpg,960,684,1.4,square,Galeria Grid / Eventos,/home/horyu/Projetos/ciclismo_santa_helena_midias/facebook_fotos_organizadas/03_quadradas_galeria/310760621061224.jpg
292997046170915.jpg,960,720,1.33,square,Galeria Grid / Eventos,/home/horyu/Projetos/ciclismo_santa_helena_midias/facebook_fotos_organizadas/03_quadradas_galeria/292997046170915.jpg
3894820283882624.jpg,960,719,1.34,square,Galeria Grid / Eventos,/home/horyu/Projetos/ciclismo_santa_helena_midias/facebook_fotos_organizadas/03_quadradas_galeria/3894820283882624.jpg
4150229055008411.jpg,960,756,1.27,square,Galeria Grid / Eventos,/home/horyu/Projetos/ciclismo_santa_helena_midias/facebook_fotos_organizadas/03_quadradas_galeria/4150229055008411.jpg
284246653712621.jpg,1440,1080,1.33,hero,Banner Hero / Carrossel Principal,/home/horyu/Projetos/ciclismo_santa_helena_midias/facebook_fotos_organizadas/01_banners_hero/284246653712621.jpg
3907482965949689.jpg,960,720,1.33,square,Galeria Grid / Eventos,/home/horyu/Projetos/ciclismo_santa_helena_midias/facebook_fotos_organizadas/03_quadradas_galeria/3907482965949689.jpg
372609191543033.jpg,540,396,1.36,thumb,Thumbnail / Ícone,/home/horyu/Projetos/ciclismo_santa_helena_midias/facebook_fotos_organizadas/04_pequenas_thumbnails/372609191543033.jpg
3776145249083462.jpg,1440,1080,1.33,hero,Banner Hero / Carrossel Principal,/home/horyu/Projetos/ciclismo_santa_helena_midias/facebook_fotos_organizadas/01_banners_hero/3776145249083462.jpg
294365832700703.jpg,960,585,1.64,thumb,Thumbnail / Ícone,/home/horyu/Projetos/ciclismo_santa_helena_midias/facebook_fotos_organizadas/04_pequenas_thumbnails/294365832700703.jpg
3952133618151290.jpg,540,960,0.56,thumb,Thumbnail / Ícone,/home/horyu/Projetos/ciclismo_santa_helena_midias/facebook_fotos_organizadas/04_pequenas_thumbnails/3952133618151290.jpg
3745357445495576.jpg,960,960,1.0,square,Galeria Grid / Eventos,/home/horyu/Projetos/ciclismo_santa_helena_midias/facebook_fotos_organizadas/03_quadradas_galeria/3745357445495576.jpg
4241869319177717.jpg,960,707,1.36,square,Galeria Grid / Eventos,/home/horyu/Projetos/ciclismo_santa_helena_midias/facebook_fotos_organizadas/03_quadradas_galeria/4241869319177717.jpg
754779086659373.jpg,1010,1010,1.0,square,Galeria Grid / Eventos,/home/horyu/Projetos/ciclismo_santa_helena_midias/facebook_fotos_organizadas/03_quadradas_galeria/754779086659373.jpg
3952140221483963.jpg,590,1280,0.46,thumb,Thumbnail / Ícone,/home/horyu/Projetos/ciclismo_santa_helena_midias/facebook_fotos_organizadas/04_pequenas_thumbnails/3952140221483963.jpg
4076642192367098.jpg,1280,960,1.33,hero,Banner Hero / Carrossel Principal,/home/horyu/Projetos/ciclismo_santa_helena_midias/facebook_fotos_organizadas/01_banners_hero/4076642192367098.jpg
3643137212384267.jpg,810,1080,0.75,mobile,Card Vertical / Mobile Stories,/home/horyu/Projetos/ciclismo_santa_helena_midias/facebook_fotos_organizadas/02_retratos_mobile/3643137212384267.jpg
357037226433563.jpg,960,724,1.33,square,Galeria Grid / Eventos,/home/horyu/Projetos/ciclismo_santa_helena_midias/facebook_fotos_organizadas/03_quadradas_galeria/357037226433563.jpg
3710074842357170.jpg,960,812,1.18,square,Galeria Grid / Eventos,/home/horyu/Projetos/ciclismo_santa_helena_midias/facebook_fotos_organizadas/03_quadradas_galeria/3710074842357170.jpg
4287570771274238.jpg,1080,703,1.54,hero,Banner Hero / Carrossel Principal,/home/horyu/Projetos/ciclismo_santa_helena_midias/facebook_fotos_organizadas/01_banners_hero/4287570771274238.jpg
232255605578393.jpg,960,720,1.33,square,Galeria Grid / Eventos,/home/horyu/Projetos/ciclismo_santa_helena_midias/facebook_fotos_organizadas/03_quadradas_galeria/232255605578393.jpg
4028519307179387.jpg,700,700,1.0,square,Galeria Grid / Eventos,/home/horyu/Projetos/ciclismo_santa_helena_midias/facebook_fotos_organizadas/03_quadradas_galeria/4028519307179387.jpg
742167511253864.jpg,1080,1080,1.0,square,Galeria Grid / Eventos,/home/horyu/Projetos/ciclismo_santa_helena_midias/facebook_fotos_organizadas/03_quadradas_galeria/742167511253864.jpg
3894820347215951.jpg,960,807,1.19,square,Galeria Grid / Eventos,/home/horyu/Projetos/ciclismo_santa_helena_midias/facebook_fotos_organizadas/03_quadradas_galeria/3894820347215951.jpg
217429170394370.jpg,960,610,1.57,square,Galeria Grid / Eventos,/home/horyu/Projetos/ciclismo_santa_helena_midias/facebook_fotos_organizadas/03_quadradas_galeria/217429170394370.jpg
324710752999544.jpg,1440,810,1.78,hero,Banner Hero / Carrossel Principal,/home/horyu/Projetos/ciclismo_santa_helena_midias/facebook_fotos_organizadas/01_banners_hero/324710752999544.jpg
738095614994387.jpg,960,960,1.0,square,Galeria Grid / Eventos,/home/horyu/Projetos/ciclismo_santa_helena_midias/facebook_fotos_organizadas/03_quadradas_galeria/738095614994387.jpg
4010037779027540.jpg,1080,810,1.33,hero,Banner Hero / Carrossel Principal,/home/horyu/Projetos/ciclismo_santa_helena_midias/facebook_fotos_organizadas/01_banners_hero/4010037779027540.jpg
243691887768098.jpg,960,779,1.23,square,Galeria Grid / Eventos,/home/horyu/Projetos/ciclismo_santa_helena_midias/facebook_fotos_organizadas/03_quadradas_galeria/243691887768098.jpg
613088814161735.jpg,1080,649,1.66,hero,Banner Hero / Carrossel Principal,/home/horyu/Projetos/ciclismo_santa_helena_midias/facebook_fotos_organizadas/01_banners_hero/613088814161735.jpg
3934808509883801.jpg,540,960,0.56,thumb,Thumbnail / Ícone,/home/horyu/Projetos/ciclismo_santa_helena_midias/facebook_fotos_organizadas/04_pequenas_thumbnails/3934808509883801.jpg
255449743258979.jpg,1080,630,1.71,hero,Banner Hero / Carrossel Principal,/home/horyu/Projetos/ciclismo_santa_helena_midias/facebook_fotos_organizadas/01_banners_hero/255449743258979.jpg
3682166021814719.jpg,1440,1080,1.33,hero,Banner Hero / Carrossel Principal,/home/horyu/Projetos/ciclismo_santa_helena_midias/facebook_fotos_organizadas/01_banners_hero/3682166021814719.jpg
277437164393570.jpg,960,960,1.0,square,Galeria Grid / Eventos,/home/horyu/Projetos/ciclismo_santa_helena_midias/facebook_fotos_organizadas/03_quadradas_galeria/277437164393570.jpg
4361469257217722.jpg,1071,803,1.33,hero,Banner Hero / Carrossel Principal,/home/horyu/Projetos/ciclismo_santa_helena_midias/facebook_fotos_organizadas/01_banners_hero/4361469257217722.jpg
4353696254661689.jpg,960,649,1.48,square,Galeria Grid / Eventos,/home/horyu/Projetos/ciclismo_santa_helena_midias/facebook_fotos_organizadas/03_quadradas_galeria/4353696254661689.jpg
327176022753017.jpg,1023,870,1.18,square,Galeria Grid / Eventos,/home/horyu/Projetos/ciclismo_santa_helena_midias/facebook_fotos_organizadas/03_quadradas_galeria/327176022753017.jpg
3855932204438099.jpg,960,720,1.33,square,Galeria Grid / Eventos,/home/horyu/Projetos/ciclismo_santa_helena_midias/facebook_fotos_organizadas/03_quadradas_galeria/3855932204438099.jpg
3579648145399841.jpg,720,720,1.0,square,Galeria Grid / Eventos,/home/horyu/Projetos/ciclismo_santa_helena_midias/facebook_fotos_organizadas/03_quadradas_galeria/3579648145399841.jpg
780236690780279.jpg,1080,1080,1.0,square,Galeria Grid / Eventos,/home/horyu/Projetos/ciclismo_santa_helena_midias/facebook_fotos_organizadas/03_quadradas_galeria/780236690780279.jpg
4178025712228745.jpg,1080,934,1.16,square,Galeria Grid / Eventos,/home/horyu/Projetos/ciclismo_santa_helena_midias/facebook_fotos_organizadas/03_quadradas_galeria/4178025712228745.jpg
4295386837159298.jpg,905,1280,0.71,mobile,Card Vertical / Mobile Stories,/home/horyu/Projetos/ciclismo_santa_helena_midias/facebook_fotos_organizadas/02_retratos_mobile/4295386837159298.jpg
275712354566051.jpg,960,960,1.0,square,Galeria Grid / Eventos,/home/horyu/Projetos/ciclismo_santa_helena_midias/facebook_fotos_organizadas/03_quadradas_galeria/275712354566051.jpg
232255575578396.jpg,960,773,1.24,square,Galeria Grid / Eventos,/home/horyu/Projetos/ciclismo_santa_helena_midias/facebook_fotos_organizadas/03_quadradas_galeria/232255575578396.jpg
246303270840293.jpg,960,960,1.0,square,Galeria Grid / Eventos,/home/horyu/Projetos/ciclismo_santa_helena_midias/facebook_fotos_organizadas/03_quadradas_galeria/246303270840293.jpg
218215710315716.jpg,960,960,1.0,square,Galeria Grid / Eventos,/home/horyu/Projetos/ciclismo_santa_helena_midias/facebook_fotos_organizadas/03_quadradas_galeria/218215710315716.jpg
212327617571192.jpg,1080,484,2.23,thumb,Thumbnail / Ícone,/home/horyu/Projetos/ciclismo_santa_helena_midias/facebook_fotos_organizadas/04_pequenas_thumbnails/212327617571192.jpg
274176881386265.jpg,720,960,0.75,mobile,Card Vertical / Mobile Stories,/home/horyu/Projetos/ciclismo_santa_helena_midias/facebook_fotos_organizadas/02_retratos_mobile/274176881386265.jpg
4162575173773799.jpg,1440,1080,1.33,hero,Banner Hero / Carrossel Principal,/home/horyu/Projetos/ciclismo_santa_helena_midias/facebook_fotos_organizadas/01_banners_hero/4162575173773799.jpg
3597943633570292.jpg,1440,1205,1.2,square,Galeria Grid / Eventos,/home/horyu/Projetos/ciclismo_santa_helena_midias/facebook_fotos_organizadas/03_quadradas_galeria/3597943633570292.jpg
357036806433605.jpg,960,960,1.0,square,Galeria Grid / Eventos,/home/horyu/Projetos/ciclismo_santa_helena_midias/facebook_fotos_organizadas/03_quadradas_galeria/357036806433605.jpg
857079426429338.jpg,1079,863,1.25,hero,Banner Hero / Carrossel Principal,/home/horyu/Projetos/ciclismo_santa_helena_midias/facebook_fotos_organizadas/01_banners_hero/857079426429338.jpg
206893911447896.jpg,1080,1350,0.8,mobile,Card Vertical / Mobile Stories,/home/horyu/Projetos/ciclismo_santa_helena_midias/facebook_fotos_organizadas/02_retratos_mobile/206893911447896.jpg
4241869449177704.jpg,960,738,1.3,square,Galeria Grid / Eventos,/home/horyu/Projetos/ciclismo_santa_helena_midias/facebook_fotos_organizadas/03_quadradas_galeria/4241869449177704.jpg
345886897548596.jpg,960,764,1.26,square,Galeria Grid / Eventos,/home/horyu/Projetos/ciclismo_santa_helena_midias/facebook_fotos_organizadas/03_quadradas_galeria/345886897548596.jpg
290817369722216.jpg,960,708,1.36,square,Galeria Grid / Eventos,/home/horyu/Projetos/ciclismo_santa_helena_midias/facebook_fotos_organizadas/03_quadradas_galeria/290817369722216.jpg
3723772880987366.jpg,1080,1226,0.88,square,Galeria Grid / Eventos,/home/horyu/Projetos/ciclismo_santa_helena_midias/facebook_fotos_organizadas/03_quadradas_galeria/3723772880987366.jpg
3634861639878491.jpg,960,960,1.0,square,Galeria Grid / Eventos,/home/horyu/Projetos/ciclismo_santa_helena_midias/facebook_fotos_organizadas/03_quadradas_galeria/3634861639878491.jpg
216128640524423.jpg,947,960,0.99,square,Galeria Grid / Eventos,/home/horyu/Projetos/ciclismo_santa_helena_midias/facebook_fotos_organizadas/03_quadradas_galeria/216128640524423.jpg
288474329956520.jpg,960,960,1.0,square,Galeria Grid / Eventos,/home/horyu/Projetos/ciclismo_santa_helena_midias/facebook_fotos_organizadas/03_quadradas_galeria/288474329956520.jpg
443932884410663.jpg,603,515,1.17,thumb,Thumbnail / Ícone,/home/horyu/Projetos/ciclismo_santa_helena_midias/facebook_fotos_organizadas/04_pequenas_thumbnails/443932884410663.jpg
3879237435440909.jpg,1280,960,1.33,hero,Banner Hero / Carrossel Principal,/home/horyu/Projetos/ciclismo_santa_helena_midias/facebook_fotos_organizadas/01_banners_hero/3879237435440909.jpg
4376468242384490.jpg,960,720,1.33,square,Galeria Grid / Eventos,/home/horyu/Projetos/ciclismo_santa_helena_midias/facebook_fotos_organizadas/03_quadradas_galeria/4376468242384490.jpg
377872111016741.jpg,469,402,1.17,thumb,Thumbnail / Ícone,/home/horyu/Projetos/ciclismo_santa_helena_midias/facebook_fotos_organizadas/04_pequenas_thumbnails/377872111016741.jpg
284471350356818.jpg,1440,1080,1.33,hero,Banner Hero / Carrossel Principal,/home/horyu/Projetos/ciclismo_santa_helena_midias/facebook_fotos_organizadas/01_banners_hero/284471350356818.jpg
3759924534038867.jpg,960,960,1.0,square,Galeria Grid / Eventos,/home/horyu/Projetos/ciclismo_santa_helena_midias/facebook_fotos_organizadas/03_quadradas_galeria/3759924534038867.jpg
4248717915159524.jpg,1511,2015,0.75,mobile,Card Vertical / Mobile Stories,/home/horyu/Projetos/ciclismo_santa_helena_midias/facebook_fotos_organizadas/02_retratos_mobile/4248717915159524.jpg
627780649359218.jpg,1309,900,1.45,hero,Banner Hero / Carrossel Principal,/home/horyu/Projetos/ciclismo_santa_helena_midias/facebook_fotos_organizadas/01_banners_hero/627780649359218.jpg
4096242170407100.jpg,736,736,1.0,square,Galeria Grid / Eventos,/home/horyu/Projetos/ciclismo_santa_helena_midias/facebook_fotos_organizadas/03_quadradas_galeria/4096242170407100.jpg
225524506251503.jpg,1280,813,1.57,hero,Banner Hero / Carrossel Principal,/home/horyu/Projetos/ciclismo_santa_helena_midias/facebook_fotos_organizadas/01_banners_hero/225524506251503.jpg
4043343992363585.jpg,864,864,1.0,square,Galeria Grid / Eventos,/home/horyu/Projetos/ciclismo_santa_helena_midias/facebook_fotos_organizadas/03_quadradas_galeria/4043343992363585.jpg
754779179992697.jpg,2048,923,2.22,hero,Banner Hero / Carrossel Principal,/home/horyu/Projetos/ciclismo_santa_helena_midias/facebook_fotos_organizadas/01_banners_hero/754779179992697.jpg
783523087118306.jpg,828,1472,0.56,mobile,Card Vertical / Mobile Stories,/home/horyu/Projetos/ciclismo_santa_helena_midias/facebook_fotos_organizadas/02_retratos_mobile/783523087118306.jpg
627780582692558.jpg,720,1280,0.56,mobile,Card Vertical / Mobile Stories,/home/horyu/Projetos/ciclismo_santa_helena_midias/facebook_fotos_organizadas/02_retratos_mobile/627780582692558.jpg
309111341226152.jpg,960,631,1.52,square,Galeria Grid / Eventos,/home/horyu/Projetos/ciclismo_santa_helena_midias/facebook_fotos_organizadas/03_quadradas_galeria/309111341226152.jpg
297707945699825.jpg,1440,1080,1.33,hero,Banner Hero / Carrossel Principal,/home/horyu/Projetos/ciclismo_santa_helena_midias/facebook_fotos_organizadas/01_banners_hero/297707945699825.jpg
262524362551517.jpg,960,720,1.33,square,Galeria Grid / Eventos,/home/horyu/Projetos/ciclismo_santa_helena_midias/facebook_fotos_organizadas/03_quadradas_galeria/262524362551517.jpg
4138004536230863.jpg,1080,810,1.33,hero,Banner Hero / Carrossel Principal,/home/horyu/Projetos/ciclismo_santa_helena_midias/facebook_fotos_organizadas/01_banners_hero/4138004536230863.jpg
216128573857763.jpg,894,960,0.93,square,Galeria Grid / Eventos,/home/horyu/Projetos/ciclismo_santa_helena_midias/facebook_fotos_organizadas/03_quadradas_galeria/216128573857763.jpg
268244871979466.jpg,720,960,0.75,mobile,Card Vertical / Mobile Stories,/home/horyu/Projetos/ciclismo_santa_helena_midias/facebook_fotos_organizadas/02_retratos_mobile/268244871979466.jpg
4295781183786530.jpg,1080,810,1.33,hero,Banner Hero / Carrossel Principal,/home/horyu/Projetos/ciclismo_santa_helena_midias/facebook_fotos_organizadas/01_banners_hero/4295781183786530.jpg
3733796243318363.jpg,768,768,1.0,square,Galeria Grid / Eventos,/home/horyu/Projetos/ciclismo_santa_helena_midias/facebook_fotos_organizadas/03_quadradas_galeria/3733796243318363.jpg
216128923857728.jpg,720,960,0.75,mobile,Card Vertical / Mobile Stories,/home/horyu/Projetos/ciclismo_santa_helena_midias/facebook_fotos_organizadas/02_retratos_mobile/216128923857728.jpg
4141984972499486.jpg,960,720,1.33,square,Galeria Grid / Eventos,/home/horyu/Projetos/ciclismo_santa_helena_midias/facebook_fotos_organizadas/03_quadradas_galeria/4141984972499486.jpg
3868290683202251.jpg,1080,807,1.34,hero,Banner Hero / Carrossel Principal,/home/horyu/Projetos/ciclismo_santa_helena_midias/facebook_fotos_organizadas/01_banners_hero/3868290683202251.jpg
3600840499947272.jpg,1080,845,1.28,hero,Banner Hero / Carrossel Principal,/home/horyu/Projetos/ciclismo_santa_helena_midias/facebook_fotos_organizadas/01_banners_hero/3600840499947272.jpg
739354181535197.jpg,1080,1080,1.0,square,Galeria Grid / Eventos,/home/horyu/Projetos/ciclismo_santa_helena_midias/facebook_fotos_organizadas/03_quadradas_galeria/739354181535197.jpg
262523852551568.jpg,960,720,1.33,square,Galeria Grid / Eventos,/home/horyu/Projetos/ciclismo_santa_helena_midias/facebook_fotos_organizadas/03_quadradas_galeria/262523852551568.jpg
268244448646175.jpg,960,960,1.0,square,Galeria Grid / Eventos,/home/horyu/Projetos/ciclismo_santa_helena_midias/facebook_fotos_organizadas/03_quadradas_galeria/268244448646175.jpg
357037079766911.jpg,899,899,1.0,square,Galeria Grid / Eventos,/home/horyu/Projetos/ciclismo_santa_helena_midias/facebook_fotos_organizadas/03_quadradas_galeria/357037079766911.jpg
326515866152366.jpg,1080,1350,0.8,mobile,Card Vertical / Mobile Stories,/home/horyu/Projetos/ciclismo_santa_helena_midias/facebook_fotos_organizadas/02_retratos_mobile/326515866152366.jpg
327795159357770.jpg,960,960,1.0,square,Galeria Grid / Eventos,/home/horyu/Projetos/ciclismo_santa_helena_midias/facebook_fotos_organizadas/03_quadradas_galeria/327795159357770.jpg
565923292211621.jpg,1080,1080,1.0,square,Galeria Grid / Eventos,/home/horyu/Projetos/ciclismo_santa_helena_midias/facebook_fotos_organizadas/03_quadradas_galeria/565923292211621.jpg
364855535651732.jpg,540,395,1.37,thumb,Thumbnail / Ícone,/home/horyu/Projetos/ciclismo_santa_helena_midias/facebook_fotos_organizadas/04_pequenas_thumbnails/364855535651732.jpg
565923178878299.jpg,1080,1080,1.0,square,Galeria Grid / Eventos,/home/horyu/Projetos/ciclismo_santa_helena_midias/facebook_fotos_organizadas/03_quadradas_galeria/565923178878299.jpg
237162881754332.jpg,960,720,1.33,square,Galeria Grid / Eventos,/home/horyu/Projetos/ciclismo_santa_helena_midias/facebook_fotos_organizadas/03_quadradas_galeria/237162881754332.jpg
371610654976220.jpg,768,1024,0.75,mobile,Card Vertical / Mobile Stories,/home/horyu/Projetos/ciclismo_santa_helena_midias/facebook_fotos_organizadas/02_retratos_mobile/371610654976220.jpg
742167604587188.jpg,1080,1080,1.0,square,Galeria Grid / Eventos,/home/horyu/Projetos/ciclismo_santa_helena_midias/facebook_fotos_organizadas/03_quadradas_galeria/742167604587188.jpg
3880301128667873.jpg,960,720,1.33,square,Galeria Grid / Eventos,/home/horyu/Projetos/ciclismo_santa_helena_midias/facebook_fotos_organizadas/03_quadradas_galeria/3880301128667873.jpg
451783020292316.jpg,960,960,1.0,square,Galeria Grid / Eventos,/home/horyu/Projetos/ciclismo_santa_helena_midias/facebook_fotos_organizadas/03_quadradas_galeria/451783020292316.jpg
304478235022796.jpg,1080,1904,0.57,mobile,Card Vertical / Mobile Stories,/home/horyu/Projetos/ciclismo_santa_helena_midias/facebook_fotos_organizadas/02_retratos_mobile/304478235022796.jpg
743724814431467.jpg,1080,1080,1.0,square,Galeria Grid / Eventos,/home/horyu/Projetos/ciclismo_santa_helena_midias/facebook_fotos_organizadas/03_quadradas_galeria/743724814431467.jpg
4135362209828429.jpg,768,960,0.8,mobile,Card Vertical / Mobile Stories,/home/horyu/Projetos/ciclismo_santa_helena_midias/facebook_fotos_organizadas/02_retratos_mobile/4135362209828429.jpg
3733805483317439.jpg,960,960,1.0,square,Galeria Grid / Eventos,/home/horyu/Projetos/ciclismo_santa_helena_midias/facebook_fotos_organizadas/03_quadradas_galeria/3733805483317439.jpg
3841236962574290.jpg,720,900,0.8,mobile,Card Vertical / Mobile Stories,/home/horyu/Projetos/ciclismo_santa_helena_midias/facebook_fotos_organizadas/02_retratos_mobile/3841236962574290.jpg
342442374559715.jpg,1080,809,1.33,hero,Banner Hero / Carrossel Principal,/home/horyu/Projetos/ciclismo_santa_helena_midias/facebook_fotos_organizadas/01_banners_hero/342442374559715.jpg
256062839864336.jpg,960,720,1.33,square,Galeria Grid / Eventos,/home/horyu/Projetos/ciclismo_santa_helena_midias/facebook_fotos_organizadas/03_quadradas_galeria/256062839864336.jpg
743724927764789.jpg,592,592,1.0,thumb,Thumbnail / Ícone,/home/horyu/Projetos/ciclismo_santa_helena_midias/facebook_fotos_organizadas/04_pequenas_thumbnails/743724927764789.jpg
377218021082150.jpg,540,381,1.42,thumb,Thumbnail / Ícone,/home/horyu/Projetos/ciclismo_santa_helena_midias/facebook_fotos_organizadas/04_pequenas_thumbnails/377218021082150.jpg
319137020223584.jpg,1080,820,1.32,hero,Banner Hero / Carrossel Principal,/home/horyu/Projetos/ciclismo_santa_helena_midias/facebook_fotos_organizadas/01_banners_hero/319137020223584.jpg
614719823998634.jpg,1080,653,1.65,hero,Banner Hero / Carrossel Principal,/home/horyu/Projetos/ciclismo_santa_helena_midias/facebook_fotos_organizadas/01_banners_hero/614719823998634.jpg
336811395122813.jpg,1440,1080,1.33,hero,Banner Hero / Carrossel Principal,/home/horyu/Projetos/ciclismo_santa_helena_midias/facebook_fotos_organizadas/01_banners_hero/336811395122813.jpg
743724757764806.jpg,899,899,1.0,square,Galeria Grid / Eventos,/home/horyu/Projetos/ciclismo_santa_helena_midias/facebook_fotos_organizadas/03_quadradas_galeria/743724757764806.jpg
218215576982396.jpg,960,960,1.0,square,Galeria Grid / Eventos,/home/horyu/Projetos/ciclismo_santa_helena_midias/facebook_fotos_organizadas/03_quadradas_galeria/218215576982396.jpg
4135511616480155.jpg,1080,810,1.33,hero,Banner Hero / Carrossel Principal,/home/horyu/Projetos/ciclismo_santa_helena_midias/facebook_fotos_organizadas/01_banners_hero/4135511616480155.jpg
596947305775886.jpg,1280,1280,1.0,square,Galeria Grid / Eventos,/home/horyu/Projetos/ciclismo_santa_helena_midias/facebook_fotos_organizadas/03_quadradas_galeria/596947305775886.jpg
210148094455811.jpg,1080,608,1.78,hero,Banner Hero / Carrossel Principal,/home/horyu/Projetos/ciclismo_santa_helena_midias/facebook_fotos_organizadas/01_banners_hero/210148094455811.jpg
3839422749422378.jpg,960,720,1.33,square,Galeria Grid / Eventos,/home/horyu/Projetos/ciclismo_santa_helena_midias/facebook_fotos_organizadas/03_quadradas_galeria/3839422749422378.jpg
3853104094720910.jpg,960,720,1.33,square,Galeria Grid / Eventos,/home/horyu/Projetos/ciclismo_santa_helena_midias/facebook_fotos_organizadas/03_quadradas_galeria/3853104094720910.jpg
565923002211650.jpg,1080,1080,1.0,square,Galeria Grid / Eventos,/home/horyu/Projetos/ciclismo_santa_helena_midias/facebook_fotos_organizadas/03_quadradas_galeria/565923002211650.jpg
332532702217349.jpg,1440,1080,1.33,hero,Banner Hero / Carrossel Principal,/home/horyu/Projetos/ciclismo_santa_helena_midias/facebook_fotos_organizadas/01_banners_hero/332532702217349.jpg
4031091163588868.jpg,1080,1071,1.01,square,Galeria Grid / Eventos,/home/horyu/Projetos/ciclismo_santa_helena_midias/facebook_fotos_organizadas/03_quadradas_galeria/4031091163588868.jpg
4183753218322661.jpg,590,590,1.0,thumb,Thumbnail / Ícone,/home/horyu/Projetos/ciclismo_santa_helena_midias/facebook_fotos_organizadas/04_pequenas_thumbnails/4183753218322661.jpg
3879236152107704.jpg,780,780,1.0,square,Galeria Grid / Eventos,/home/horyu/Projetos/ciclismo_santa_helena_midias/facebook_fotos_organizadas/03_quadradas_galeria/3879236152107704.jpg
3879234668774519.jpg,960,1200,0.8,mobile,Card Vertical / Mobile Stories,/home/horyu/Projetos/ciclismo_santa_helena_midias/facebook_fotos_organizadas/02_retratos_mobile/3879234668774519.jpg
227331379404149.jpg,960,715,1.34,square,Galeria Grid / Eventos,/home/horyu/Projetos/ciclismo_santa_helena_midias/facebook_fotos_organizadas/03_quadradas_galeria/227331379404149.jpg
259115639559056.jpg,1080,750,1.44,hero,Banner Hero / Carrossel Principal,/home/horyu/Projetos/ciclismo_santa_helena_midias/facebook_fotos_organizadas/01_banners_hero/259115639559056.jpg
206210338182920.jpg,1080,1080,1.0,square,Galeria Grid / Eventos,/home/horyu/Projetos/ciclismo_santa_helena_midias/facebook_fotos_organizadas/03_quadradas_galeria/206210338182920.jpg
3853103794720940.jpg,720,960,0.75,mobile,Card Vertical / Mobile Stories,/home/horyu/Projetos/ciclismo_santa_helena_midias/facebook_fotos_organizadas/02_retratos_mobile/3853103794720940.jpg
754779116659370.jpg,1080,1080,1.0,square,Galeria Grid / Eventos,/home/horyu/Projetos/ciclismo_santa_helena_midias/facebook_fotos_organizadas/03_quadradas_galeria/754779116659370.jpg
627780766025873.jpg,809,768,1.05,square,Galeria Grid / Eventos,/home/horyu/Projetos/ciclismo_santa_helena_midias/facebook_fotos_organizadas/03_quadradas_galeria/627780766025873.jpg
292068416263778.jpg,1511,2000,0.76,mobile,Card Vertical / Mobile Stories,/home/horyu/Projetos/ciclismo_santa_helena_midias/facebook_fotos_organizadas/02_retratos_mobile/292068416263778.jpg
274177128052907.jpg,960,720,1.33,square,Galeria Grid / Eventos,/home/horyu/Projetos/ciclismo_santa_helena_midias/facebook_fotos_organizadas/03_quadradas_galeria/274177128052907.jpg
394376739366278.jpg,384,384,1.0,thumb,Thumbnail / Ícone,/home/horyu/Projetos/ciclismo_santa_helena_midias/facebook_fotos_organizadas/04_pequenas_thumbnails/394376739366278.jpg
274176934719593.jpg,720,960,0.75,mobile,Card Vertical / Mobile Stories,/home/horyu/Projetos/ciclismo_santa_helena_midias/facebook_fotos_organizadas/02_retratos_mobile/274176934719593.jpg
3733796173318370.jpg,802,802,1.0,square,Galeria Grid / Eventos,/home/horyu/Projetos/ciclismo_santa_helena_midias/facebook_fotos_organizadas/03_quadradas_galeria/3733796173318370.jpg
208626034608017.jpg,1080,861,1.25,hero,Banner Hero / Carrossel Principal,/home/horyu/Projetos/ciclismo_santa_helena_midias/facebook_fotos_organizadas/01_banners_hero/208626034608017.jpg
4270984219599560.jpg,960,720,1.33,square,Galeria Grid / Eventos,/home/horyu/Projetos/ciclismo_santa_helena_midias/facebook_fotos_organizadas/03_quadradas_galeria/4270984219599560.jpg
3978983608799624.jpg,1440,1080,1.33,hero,Banner Hero / Carrossel Principal,/home/horyu/Projetos/ciclismo_santa_helena_midias/facebook_fotos_organizadas/01_banners_hero/3978983608799624.jpg
3853103378054315.jpg,720,960,0.75,mobile,Card Vertical / Mobile Stories,/home/horyu/Projetos/ciclismo_santa_helena_midias/facebook_fotos_organizadas/02_retratos_mobile/3853103378054315.jpg
3866377863393533.jpg,1440,1101,1.31,hero,Banner Hero / Carrossel Principal,/home/horyu/Projetos/ciclismo_santa_helena_midias/facebook_fotos_organizadas/01_banners_hero/3866377863393533.jpg
738095548327727.jpg,720,720,1.0,square,Galeria Grid / Eventos,/home/horyu/Projetos/ciclismo_santa_helena_midias/facebook_fotos_organizadas/03_quadradas_galeria/738095548327727.jpg
4261113110586671.jpg,922,649,1.42,square,Galeria Grid / Eventos,/home/horyu/Projetos/ciclismo_santa_helena_midias/facebook_fotos_organizadas/03_quadradas_galeria/4261113110586671.jpg
311567164313903.jpg,1080,663,1.63,hero,Banner Hero / Carrossel Principal,/home/horyu/Projetos/ciclismo_santa_helena_midias/facebook_fotos_organizadas/01_banners_hero/311567164313903.jpg
4013965868634731.jpg,1440,1080,1.33,hero,Banner Hero / Carrossel Principal,/home/horyu/Projetos/ciclismo_santa_helena_midias/facebook_fotos_organizadas/01_banners_hero/4013965868634731.jpg
613088834161733.jpg,1066,527,2.02,thumb,Thumbnail / Ícone,/home/horyu/Projetos/ciclismo_santa_helena_midias/facebook_fotos_organizadas/04_pequenas_thumbnails/613088834161733.jpg
394376822699603.jpg,381,381,1.0,thumb,Thumbnail / Ícone,/home/horyu/Projetos/ciclismo_santa_helena_midias/facebook_fotos_organizadas/04_pequenas_thumbnails/394376822699603.jpg
289580849845868.jpg,1440,1080,1.33,hero,Banner Hero / Carrossel Principal,/home/horyu/Projetos/ciclismo_santa_helena_midias/facebook_fotos_organizadas/01_banners_hero/289580849845868.jpg
3707428442621810.jpg,1440,1080,1.33,hero,Banner Hero / Carrossel Principal,/home/horyu/Projetos/ciclismo_santa_helena_midias/facebook_fotos_organizadas/01_banners_hero/3707428442621810.jpg
4193091070722209.jpg,960,729,1.32,square,Galeria Grid / Eventos,/home/horyu/Projetos/ciclismo_santa_helena_midias/facebook_fotos_organizadas/03_quadradas_galeria/4193091070722209.jpg
645516247585658.jpg,1600,1600,1.0,square,Galeria Grid / Eventos,/home/horyu/Projetos/ciclismo_santa_helena_midias/facebook_fotos_organizadas/03_quadradas_galeria/645516247585658.jpg
4324368684261113.jpg,960,728,1.32,square,Galeria Grid / Eventos,/home/horyu/Projetos/ciclismo_santa_helena_midias/facebook_fotos_organizadas/03_quadradas_galeria/4324368684261113.jpg
3608252232539432.jpg,1040,780,1.33,hero,Banner Hero / Carrossel Principal,/home/horyu/Projetos/ciclismo_santa_helena_midias/facebook_fotos_organizadas/01_banners_hero/3608252232539432.jpg
565923615544922.jpg,960,960,1.0,square,Galeria Grid / Eventos,/home/horyu/Projetos/ciclismo_santa_helena_midias/facebook_fotos_organizadas/03_quadradas_galeria/565923615544922.jpg
233607138776573.jpg,960,720,1.33,square,Galeria Grid / Eventos,/home/horyu/Projetos/ciclismo_santa_helena_midias/facebook_fotos_organizadas/03_quadradas_galeria/233607138776573.jpg
4068745596490091.jpg,960,960,1.0,square,Galeria Grid / Eventos,/home/horyu/Projetos/ciclismo_santa_helena_midias/facebook_fotos_organizadas/03_quadradas_galeria/4068745596490091.jpg
239184064885547.jpg,960,960,1.0,square,Galeria Grid / Eventos,/home/horyu/Projetos/ciclismo_santa_helena_midias/facebook_fotos_organizadas/03_quadradas_galeria/239184064885547.jpg
3826375937393726.jpg,960,720,1.33,square,Galeria Grid / Eventos,/home/horyu/Projetos/ciclismo_santa_helena_midias/facebook_fotos_organizadas/03_quadradas_galeria/3826375937393726.jpg
285763663560920.jpg,1440,1080,1.33,hero,Banner Hero / Carrossel Principal,/home/horyu/Projetos/ciclismo_santa_helena_midias/facebook_fotos_organizadas/01_banners_hero/285763663560920.jpg
783523123784969.jpg,828,1472,0.56,mobile,Card Vertical / Mobile Stories,/home/horyu/Projetos/ciclismo_santa_helena_midias/facebook_fotos_organizadas/02_retratos_mobile/783523123784969.jpg
3879233392107980.jpg,1000,473,2.11,thumb,Thumbnail / Ícone,/home/horyu/Projetos/ciclismo_santa_helena_midias/facebook_fotos_organizadas/04_pequenas_thumbnails/3879233392107980.jpg
3733796343318353.jpg,960,720,1.33,square,Galeria Grid / Eventos,/home/horyu/Projetos/ciclismo_santa_helena_midias/facebook_fotos_organizadas/03_quadradas_galeria/3733796343318353.jpg
4353693994661915.jpg,720,960,0.75,mobile,Card Vertical / Mobile Stories,/home/horyu/Projetos/ciclismo_santa_helena_midias/facebook_fotos_organizadas/02_retratos_mobile/4353693994661915.jpg
4056370604394257.jpg,768,960,0.8,mobile,Card Vertical / Mobile Stories,/home/horyu/Projetos/ciclismo_santa_helena_midias/facebook_fotos_organizadas/02_retratos_mobile/4056370604394257.jpg
4142683042429679.jpg,768,960,0.8,mobile,Card Vertical / Mobile Stories,/home/horyu/Projetos/ciclismo_santa_helena_midias/facebook_fotos_organizadas/02_retratos_mobile/4142683042429679.jpg
967195652084381.jpg,903,903,1.0,square,Galeria Grid / Eventos,/home/horyu/Projetos/ciclismo_santa_helena_midias/facebook_fotos_organizadas/03_quadradas_galeria/967195652084381.jpg
308913881245898.jpg,1080,804,1.34,hero,Banner Hero / Carrossel Principal,/home/horyu/Projetos/ciclismo_santa_helena_midias/facebook_fotos_organizadas/01_banners_hero/308913881245898.jpg
4353691297995518.jpg,960,960,1.0,square,Galeria Grid / Eventos,/home/horyu/Projetos/ciclismo_santa_helena_midias/facebook_fotos_organizadas/03_quadradas_galeria/4353691297995518.jpg
4138002219564428.jpg,1080,810,1.33,hero,Banner Hero / Carrossel Principal,/home/horyu/Projetos/ciclismo_santa_helena_midias/facebook_fotos_organizadas/01_banners_hero/4138002219564428.jpg
228863772584243.jpg,1080,897,1.2,square,Galeria Grid / Eventos,/home/horyu/Projetos/ciclismo_santa_helena_midias/facebook_fotos_organizadas/03_quadradas_galeria/228863772584243.jpg
555513116585972.jpg,1600,720,2.22,hero,Banner Hero / Carrossel Principal,/home/horyu/Projetos/ciclismo_santa_helena_midias/facebook_fotos_organizadas/01_banners_hero/555513116585972.jpg
614719943998622.jpg,1080,750,1.44,hero,Banner Hero / Carrossel Principal,/home/horyu/Projetos/ciclismo_santa_helena_midias/facebook_fotos_organizadas/01_banners_hero/614719943998622.jpg
1006379521499327.jpg,1080,1920,0.56,mobile,Card Vertical / Mobile Stories,/home/horyu/Projetos/ciclismo_santa_helena_midias/facebook_fotos_organizadas/02_retratos_mobile/1006379521499327.jpg
4089720731059244.jpg,960,720,1.33,square,Galeria Grid / Eventos,/home/horyu/Projetos/ciclismo_santa_helena_midias/facebook_fotos_organizadas/03_quadradas_galeria/4089720731059244.jpg
3879236252107694.jpg,960,960,1.0,square,Galeria Grid / Eventos,/home/horyu/Projetos/ciclismo_santa_helena_midias/facebook_fotos_organizadas/03_quadradas_galeria/3879236252107694.jpg
967195995417680.jpg,1280,853,1.5,hero,Banner Hero / Carrossel Principal,/home/horyu/Projetos/ciclismo_santa_helena_midias/facebook_fotos_organizadas/01_banners_hero/967195995417680.jpg
621544516649498.jpg,2048,923,2.22,hero,Banner Hero / Carrossel Principal,/home/horyu/Projetos/ciclismo_santa_helena_midias/facebook_fotos_organizadas/01_banners_hero/621544516649498.jpg
4104231876274796.jpg,1077,751,1.43,hero,Banner Hero / Carrossel Principal,/home/horyu/Projetos/ciclismo_santa_helena_midias/facebook_fotos_organizadas/01_banners_hero/4104231876274796.jpg
752255326911749.jpg,1280,960,1.33,hero,Banner Hero / Carrossel Principal,/home/horyu/Projetos/ciclismo_santa_helena_midias/facebook_fotos_organizadas/01_banners_hero/752255326911749.jpg
273743118096308.jpg,1080,771,1.4,hero,Banner Hero / Carrossel Principal,/home/horyu/Projetos/ciclismo_santa_helena_midias/facebook_fotos_organizadas/01_banners_hero/273743118096308.jpg
4015569761807675.jpg,958,1280,0.75,mobile,Card Vertical / Mobile Stories,/home/horyu/Projetos/ciclismo_santa_helena_midias/facebook_fotos_organizadas/02_retratos_mobile/4015569761807675.jpg
614720097331940.jpg,1080,777,1.39,hero,Banner Hero / Carrossel Principal,/home/horyu/Projetos/ciclismo_santa_helena_midias/facebook_fotos_organizadas/01_banners_hero/614720097331940.jpg
4353692284662086.jpg,720,960,0.75,mobile,Card Vertical / Mobile Stories,/home/horyu/Projetos/ciclismo_santa_helena_midias/facebook_fotos_organizadas/02_retratos_mobile/4353692284662086.jpg
4339288072769174.jpg,1080,810,1.33,hero,Banner Hero / Carrossel Principal,/home/horyu/Projetos/ciclismo_santa_helena_midias/facebook_fotos_organizadas/01_banners_hero/4339288072769174.jpg
279001297570490.jpg,1080,860,1.26,hero,Banner Hero / Carrossel Principal,/home/horyu/Projetos/ciclismo_santa_helena_midias/facebook_fotos_organizadas/01_banners_hero/279001297570490.jpg
4165792156785434.jpg,1080,956,1.13,square,Galeria Grid / Eventos,/home/horyu/Projetos/ciclismo_santa_helena_midias/facebook_fotos_organizadas/03_quadradas_galeria/4165792156785434.jpg
268244548646165.jpg,720,960,0.75,mobile,Card Vertical / Mobile Stories,/home/horyu/Projetos/ciclismo_santa_helena_midias/facebook_fotos_organizadas/02_retratos_mobile/268244548646165.jpg
614719527331997.jpg,1080,711,1.52,hero,Banner Hero / Carrossel Principal,/home/horyu/Projetos/ciclismo_santa_helena_midias/facebook_fotos_organizadas/01_banners_hero/614719527331997.jpg
855442836592997.jpg,1080,1315,0.82,mobile,Card Vertical / Mobile Stories,/home/horyu/Projetos/ciclismo_santa_helena_midias/facebook_fotos_organizadas/02_retratos_mobile/855442836592997.jpg
290817463055540.jpg,960,651,1.47,square,Galeria Grid / Eventos,/home/horyu/Projetos/ciclismo_santa_helena_midias/facebook_fotos_organizadas/03_quadradas_galeria/290817463055540.jpg
4170514786313171.jpg,960,845,1.14,square,Galeria Grid / Eventos,/home/horyu/Projetos/ciclismo_santa_helena_midias/facebook_fotos_organizadas/03_quadradas_galeria/4170514786313171.jpg
243692101101410.jpg,960,806,1.19,square,Galeria Grid / Eventos,/home/horyu/Projetos/ciclismo_santa_helena_midias/facebook_fotos_organizadas/03_quadradas_galeria/243692101101410.jpg
341802274623725.jpg,1080,795,1.36,hero,Banner Hero / Carrossel Principal,/home/horyu/Projetos/ciclismo_santa_helena_midias/facebook_fotos_organizadas/01_banners_hero/341802274623725.jpg
309559634514656.jpg,720,738,0.98,square,Galeria Grid / Eventos,/home/horyu/Projetos/ciclismo_santa_helena_midias/facebook_fotos_organizadas/03_quadradas_galeria/309559634514656.jpg
3816674465030540.jpg,960,554,1.73,thumb,Thumbnail / Ícone,/home/horyu/Projetos/ciclismo_santa_helena_midias/facebook_fotos_organizadas/04_pequenas_thumbnails/3816674465030540.jpg
4388801384484509.jpg,1080,886,1.22,square,Galeria Grid / Eventos,/home/horyu/Projetos/ciclismo_santa_helena_midias/facebook_fotos_organizadas/03_quadradas_galeria/4388801384484509.jpg
211092377694716.jpg,960,960,1.0,square,Galeria Grid / Eventos,/home/horyu/Projetos/ciclismo_santa_helena_midias/facebook_fotos_organizadas/03_quadradas_galeria/211092377694716.jpg
4141985225832794.jpg,960,960,1.0,square,Galeria Grid / Eventos,/home/horyu/Projetos/ciclismo_santa_helena_midias/facebook_fotos_organizadas/03_quadradas_galeria/4141985225832794.jpg
4170513966313253.jpg,960,733,1.31,square,Galeria Grid / Eventos,/home/horyu/Projetos/ciclismo_santa_helena_midias/facebook_fotos_organizadas/03_quadradas_galeria/4170513966313253.jpg
299414952195791.jpg,960,748,1.28,square,Galeria Grid / Eventos,/home/horyu/Projetos/ciclismo_santa_helena_midias/facebook_fotos_organizadas/03_quadradas_galeria/299414952195791.jpg
4193580197339963.jpg,960,644,1.49,square,Galeria Grid / Eventos,/home/horyu/Projetos/ciclismo_santa_helena_midias/facebook_fotos_organizadas/03_quadradas_galeria/4193580197339963.jpg
4324368404261141.jpg,960,579,1.66,thumb,Thumbnail / Ícone,/home/horyu/Projetos/ciclismo_santa_helena_midias/facebook_fotos_organizadas/04_pequenas_thumbnails/4324368404261141.jpg
614719593998657.jpg,1080,815,1.33,hero,Banner Hero / Carrossel Principal,/home/horyu/Projetos/ciclismo_santa_helena_midias/facebook_fotos_organizadas/01_banners_hero/614719593998657.jpg
3733805333317454.jpg,960,960,1.0,square,Galeria Grid / Eventos,/home/horyu/Projetos/ciclismo_santa_helena_midias/facebook_fotos_organizadas/03_quadradas_galeria/3733805333317454.jpg
548218833982067.jpg,2048,1536,1.33,hero,Banner Hero / Carrossel Principal,/home/horyu/Projetos/ciclismo_santa_helena_midias/facebook_fotos_organizadas/01_banners_hero/548218833982067.jpg
614719553998661.jpg,1069,585,1.83,thumb,Thumbnail / Ícone,/home/horyu/Projetos/ciclismo_santa_helena_midias/facebook_fotos_organizadas/04_pequenas_thumbnails/614719553998661.jpg
3868292129868773.jpg,784,1056,0.74,mobile,Card Vertical / Mobile Stories,/home/horyu/Projetos/ciclismo_santa_helena_midias/facebook_fotos_organizadas/02_retratos_mobile/3868292129868773.jpg
3583008091730513.jpg,960,960,1.0,square,Galeria Grid / Eventos,/home/horyu/Projetos/ciclismo_santa_helena_midias/facebook_fotos_organizadas/03_quadradas_galeria/3583008091730513.jpg
4255982324433083.jpg,1080,826,1.31,hero,Banner Hero / Carrossel Principal,/home/horyu/Projetos/ciclismo_santa_helena_midias/facebook_fotos_organizadas/01_banners_hero/4255982324433083.jpg
3879236318774354.jpg,720,720,1.0,square,Galeria Grid / Eventos,/home/horyu/Projetos/ciclismo_santa_helena_midias/facebook_fotos_organizadas/03_quadradas_galeria/3879236318774354.jpg
216128717191082.jpg,960,947,1.01,square,Galeria Grid / Eventos,/home/horyu/Projetos/ciclismo_santa_helena_midias/facebook_fotos_organizadas/03_quadradas_galeria/216128717191082.jpg
3847703688594284.jpg,1440,1080,1.33,hero,Banner Hero / Carrossel Principal,/home/horyu/Projetos/ciclismo_santa_helena_midias/facebook_fotos_organizadas/01_banners_hero/3847703688594284.jpg
4315518738479441.jpg,758,1280,0.59,mobile,Card Vertical / Mobile Stories,/home/horyu/Projetos/ciclismo_santa_helena_midias/facebook_fotos_organizadas/02_retratos_mobile/4315518738479441.jpg
4170513736313276.jpg,960,815,1.18,square,Galeria Grid / Eventos,/home/horyu/Projetos/ciclismo_santa_helena_midias/facebook_fotos_organizadas/03_quadradas_galeria/4170513736313276.jpg
783523157118299.jpg,1600,1200,1.33,hero,Banner Hero / Carrossel Principal,/home/horyu/Projetos/ciclismo_santa_helena_midias/facebook_fotos_organizadas/01_banners_hero/783523157118299.jpg
614719430665340.jpg,960,562,1.71,thumb,Thumbnail / Ícone,/home/horyu/Projetos/ciclismo_santa_helena_midias/facebook_fotos_organizadas/04_pequenas_thumbnails/614719430665340.jpg
327795216024431.jpg,960,960,1.0,square,Galeria Grid / Eventos,/home/horyu/Projetos/ciclismo_santa_helena_midias/facebook_fotos_organizadas/03_quadradas_galeria/327795216024431.jpg
667891342014815.jpg,1280,960,1.33,hero,Banner Hero / Carrossel Principal,/home/horyu/Projetos/ciclismo_santa_helena_midias/facebook_fotos_organizadas/01_banners_hero/667891342014815.jpg
780236940780254.jpg,1600,900,1.78,hero,Banner Hero / Carrossel Principal,/home/horyu/Projetos/ciclismo_santa_helena_midias/facebook_fotos_organizadas/01_banners_hero/780236940780254.jpg
3730834553614532.jpg,960,960,1.0,square,Galeria Grid / Eventos,/home/horyu/Projetos/ciclismo_santa_helena_midias/facebook_fotos_organizadas/03_quadradas_galeria/3730834553614532.jpg
233607188776568.jpg,960,916,1.05,square,Galeria Grid / Eventos,/home/horyu/Projetos/ciclismo_santa_helena_midias/facebook_fotos_organizadas/03_quadradas_galeria/233607188776568.jpg
297093642427922.jpg,1080,738,1.46,hero,Banner Hero / Carrossel Principal,/home/horyu/Projetos/ciclismo_santa_helena_midias/facebook_fotos_organizadas/01_banners_hero/297093642427922.jpg
3894820437215942.jpg,960,719,1.34,square,Galeria Grid / Eventos,/home/horyu/Projetos/ciclismo_santa_helena_midias/facebook_fotos_organizadas/03_quadradas_galeria/3894820437215942.jpg
3877413775623275.jpg,1440,810,1.78,hero,Banner Hero / Carrossel Principal,/home/horyu/Projetos/ciclismo_santa_helena_midias/facebook_fotos_organizadas/01_banners_hero/3877413775623275.jpg
3991972607500724.jpg,288,720,0.4,thumb,Thumbnail / Ícone,/home/horyu/Projetos/ciclismo_santa_helena_midias/facebook_fotos_organizadas/04_pequenas_thumbnails/3991972607500724.jpg
3613166352048020.jpg,960,720,1.33,square,Galeria Grid / Eventos,/home/horyu/Projetos/ciclismo_santa_helena_midias/facebook_fotos_organizadas/03_quadradas_galeria/3613166352048020.jpg
290817416388878.jpg,960,715,1.34,square,Galeria Grid / Eventos,/home/horyu/Projetos/ciclismo_santa_helena_midias/facebook_fotos_organizadas/03_quadradas_galeria/290817416388878.jpg
332197255584227.jpg,1080,786,1.37,hero,Banner Hero / Carrossel Principal,/home/horyu/Projetos/ciclismo_santa_helena_midias/facebook_fotos_organizadas/01_banners_hero/332197255584227.jpg
206209438183010.jpg,1279,962,1.33,hero,Banner Hero / Carrossel Principal,/home/horyu/Projetos/ciclismo_santa_helena_midias/facebook_fotos_organizadas/01_banners_hero/206209438183010.jpg
4342263185804996.jpg,1080,681,1.59,hero,Banner Hero / Carrossel Principal,/home/horyu/Projetos/ciclismo_santa_helena_midias/facebook_fotos_organizadas/01_banners_hero/4342263185804996.jpg
739353958201886.jpg,900,900,1.0,square,Galeria Grid / Eventos,/home/horyu/Projetos/ciclismo_santa_helena_midias/facebook_fotos_organizadas/03_quadradas_galeria/739353958201886.jpg
3770106809687306.jpg,720,405,1.78,thumb,Thumbnail / Ícone,/home/horyu/Projetos/ciclismo_santa_helena_midias/facebook_fotos_organizadas/04_pequenas_thumbnails/3770106809687306.jpg
4033683109996340.jpg,960,960,1.0,square,Galeria Grid / Eventos,/home/horyu/Projetos/ciclismo_santa_helena_midias/facebook_fotos_organizadas/03_quadradas_galeria/4033683109996340.jpg
565923665544917.jpg,1080,1080,1.0,square,Galeria Grid / Eventos,/home/horyu/Projetos/ciclismo_santa_helena_midias/facebook_fotos_organizadas/03_quadradas_galeria/565923665544917.jpg
555513183252632.jpg,1600,720,2.22,hero,Banner Hero / Carrossel Principal,/home/horyu/Projetos/ciclismo_santa_helena_midias/facebook_fotos_organizadas/01_banners_hero/555513183252632.jpg
967195892084357.jpg,1280,853,1.5,hero,Banner Hero / Carrossel Principal,/home/horyu/Projetos/ciclismo_santa_helena_midias/facebook_fotos_organizadas/01_banners_hero/967195892084357.jpg
279001487570471.jpg,462,1000,0.46,thumb,Thumbnail / Ícone,/home/horyu/Projetos/ciclismo_santa_helena_midias/facebook_fotos_organizadas/04_pequenas_thumbnails/279001487570471.jpg
3934808389883813.jpg,960,720,1.33,square,Galeria Grid / Eventos,/home/horyu/Projetos/ciclismo_santa_helena_midias/facebook_fotos_organizadas/03_quadradas_galeria/3934808389883813.jpg
3880302105334442.jpg,960,720,1.33,square,Galeria Grid / Eventos,/home/horyu/Projetos/ciclismo_santa_helena_midias/facebook_fotos_organizadas/03_quadradas_galeria/3880302105334442.jpg
325519352918684.jpg,1440,1080,1.33,hero,Banner Hero / Carrossel Principal,/home/horyu/Projetos/ciclismo_santa_helena_midias/facebook_fotos_organizadas/01_banners_hero/325519352918684.jpg
210137901123497.jpg,1080,579,1.87,thumb,Thumbnail / Ícone,/home/horyu/Projetos/ciclismo_santa_helena_midias/facebook_fotos_organizadas/04_pequenas_thumbnails/210137901123497.jpg
4237094132988569.jpg,1080,749,1.44,hero,Banner Hero / Carrossel Principal,/home/horyu/Projetos/ciclismo_santa_helena_midias/facebook_fotos_organizadas/01_banners_hero/4237094132988569.jpg
4068745446490106.jpg,960,960,1.0,square,Galeria Grid / Eventos,/home/horyu/Projetos/ciclismo_santa_helena_midias/facebook_fotos_organizadas/03_quadradas_galeria/4068745446490106.jpg
3889443991086920.jpg,1440,1080,1.33,hero,Banner Hero / Carrossel Principal,/home/horyu/Projetos/ciclismo_santa_helena_midias/facebook_fotos_organizadas/01_banners_hero/3889443991086920.jpg
215770640560223.jpg,1080,603,1.79,hero,Banner Hero / Carrossel Principal,/home/horyu/Projetos/ciclismo_santa_helena_midias/facebook_fotos_organizadas/01_banners_hero/215770640560223.jpg
533546778782606.jpg,1080,839,1.29,hero,Banner Hero / Carrossel Principal,/home/horyu/Projetos/ciclismo_santa_helena_midias/facebook_fotos_organizadas/01_banners_hero/533546778782606.jpg
4183752448322738.jpg,720,960,0.75,mobile,Card Vertical / Mobile Stories,/home/horyu/Projetos/ciclismo_santa_helena_midias/facebook_fotos_organizadas/02_retratos_mobile/4183752448322738.jpg
555512413252709.jpg,1080,1080,1.0,square,Galeria Grid / Eventos,/home/horyu/Projetos/ciclismo_santa_helena_midias/facebook_fotos_organizadas/03_quadradas_galeria/555512413252709.jpg
3634861733211815.jpg,768,960,0.8,mobile,Card Vertical / Mobile Stories,/home/horyu/Projetos/ciclismo_santa_helena_midias/facebook_fotos_organizadas/02_retratos_mobile/3634861733211815.jpg
221387556665198.jpg,958,958,1.0,square,Galeria Grid / Eventos,/home/horyu/Projetos/ciclismo_santa_helena_midias/facebook_fotos_organizadas/03_quadradas_galeria/221387556665198.jpg
268245065312780.jpg,720,960,0.75,mobile,Card Vertical / Mobile Stories,/home/horyu/Projetos/ciclismo_santa_helena_midias/facebook_fotos_organizadas/02_retratos_mobile/268245065312780.jpg
614719767331973.jpg,1066,656,1.62,hero,Banner Hero / Carrossel Principal,/home/horyu/Projetos/ciclismo_santa_helena_midias/facebook_fotos_organizadas/01_banners_hero/614719767331973.jpg
211092287694725.jpg,858,960,0.89,square,Galeria Grid / Eventos,/home/horyu/Projetos/ciclismo_santa_helena_midias/facebook_fotos_organizadas/03_quadradas_galeria/211092287694725.jpg
3853103894720930.jpg,960,720,1.33,square,Galeria Grid / Eventos,/home/horyu/Projetos/ciclismo_santa_helena_midias/facebook_fotos_organizadas/03_quadradas_galeria/3853103894720930.jpg
4036446963053288.jpg,1126,590,1.91,thumb,Thumbnail / Ícone,/home/horyu/Projetos/ciclismo_santa_helena_midias/facebook_fotos_organizadas/04_pequenas_thumbnails/4036446963053288.jpg
4025369460827705.jpg,960,960,1.0,square,Galeria Grid / Eventos,/home/horyu/Projetos/ciclismo_santa_helena_midias/facebook_fotos_organizadas/03_quadradas_galeria/4025369460827705.jpg
742167537920528.jpg,720,720,1.0,square,Galeria Grid / Eventos,/home/horyu/Projetos/ciclismo_santa_helena_midias/facebook_fotos_organizadas/03_quadradas_galeria/742167537920528.jpg
3651558171542171.jpg,1125,1172,0.96,square,Galeria Grid / Eventos,/home/horyu/Projetos/ciclismo_santa_helena_midias/facebook_fotos_organizadas/03_quadradas_galeria/3651558171542171.jpg
443935104410441.jpg,1080,1440,0.75,mobile,Card Vertical / Mobile Stories,/home/horyu/Projetos/ciclismo_santa_helena_midias/facebook_fotos_organizadas/02_retratos_mobile/443935104410441.jpg
3730828506948470.jpg,720,960,0.75,mobile,Card Vertical / Mobile Stories,/home/horyu/Projetos/ciclismo_santa_helena_midias/facebook_fotos_organizadas/02_retratos_mobile/3730828506948470.jpg
4183752214989428.jpg,867,867,1.0,square,Galeria Grid / Eventos,/home/horyu/Projetos/ciclismo_santa_helena_midias/facebook_fotos_organizadas/03_quadradas_galeria/4183752214989428.jpg
394377029366249.jpg,692,374,1.85,thumb,Thumbnail / Ícone,/home/horyu/Projetos/ciclismo_santa_helena_midias/facebook_fotos_organizadas/04_pequenas_thumbnails/394377029366249.jpg
3729242597107061.jpg,960,720,1.33,square,Galeria Grid / Eventos,/home/horyu/Projetos/ciclismo_santa_helena_midias/facebook_fotos_organizadas/03_quadradas_galeria/3729242597107061.jpg
268244251979528.jpg,960,960,1.0,square,Galeria Grid / Eventos,/home/horyu/Projetos/ciclismo_santa_helena_midias/facebook_fotos_organizadas/03_quadradas_galeria/268244251979528.jpg
4135510369813613.jpg,1080,891,1.21,square,Galeria Grid / Eventos,/home/horyu/Projetos/ciclismo_santa_helena_midias/facebook_fotos_organizadas/03_quadradas_galeria/4135510369813613.jpg
614719570665326.jpg,1080,693,1.56,hero,Banner Hero / Carrossel Principal,/home/horyu/Projetos/ciclismo_santa_helena_midias/facebook_fotos_organizadas/01_banners_hero/614719570665326.jpg
4358349734196341.jpg,1032,764,1.35,hero,Banner Hero / Carrossel Principal,/home/horyu/Projetos/ciclismo_santa_helena_midias/facebook_fotos_organizadas/01_banners_hero/4358349734196341.jpg
627780529359230.jpg,607,1080,0.56,mobile,Card Vertical / Mobile Stories,/home/horyu/Projetos/ciclismo_santa_helena_midias/facebook_fotos_organizadas/02_retratos_mobile/627780529359230.jpg
217429243727696.jpg,960,610,1.57,square,Galeria Grid / Eventos,/home/horyu/Projetos/ciclismo_santa_helena_midias/facebook_fotos_organizadas/03_quadradas_galeria/217429243727696.jpg
565923368878280.jpg,1080,1080,1.0,square,Galeria Grid / Eventos,/home/horyu/Projetos/ciclismo_santa_helena_midias/facebook_fotos_organizadas/03_quadradas_galeria/565923368878280.jpg
273745264762760.jpg,720,707,1.02,square,Galeria Grid / Eventos,/home/horyu/Projetos/ciclismo_santa_helena_midias/facebook_fotos_organizadas/03_quadradas_galeria/273745264762760.jpg
262524445884842.jpg,960,770,1.25,square,Galeria Grid / Eventos,/home/horyu/Projetos/ciclismo_santa_helena_midias/facebook_fotos_organizadas/03_quadradas_galeria/262524445884842.jpg
4353693297995318.jpg,720,960,0.75,mobile,Card Vertical / Mobile Stories,/home/horyu/Projetos/ciclismo_santa_helena_midias/facebook_fotos_organizadas/02_retratos_mobile/4353693297995318.jpg
313337690803517.jpg,1080,677,1.6,hero,Banner Hero / Carrossel Principal,/home/horyu/Projetos/ciclismo_santa_helena_midias/facebook_fotos_organizadas/01_banners_hero/313337690803517.jpg
3879296415435011.jpg,1440,1072,1.34,hero,Banner Hero / Carrossel Principal,/home/horyu/Projetos/ciclismo_santa_helena_midias/facebook_fotos_organizadas/01_banners_hero/3879296415435011.jpg
614719877331962.jpg,1080,887,1.22,square,Galeria Grid / Eventos,/home/horyu/Projetos/ciclismo_santa_helena_midias/facebook_fotos_organizadas/03_quadradas_galeria/614719877331962.jpg
562376449232972.jpg,2048,1536,1.33,hero,Banner Hero / Carrossel Principal,/home/horyu/Projetos/ciclismo_santa_helena_midias/facebook_fotos_organizadas/01_banners_hero/562376449232972.jpg
4193580340673282.jpg,960,775,1.24,square,Galeria Grid / Eventos,/home/horyu/Projetos/ciclismo_santa_helena_midias/facebook_fotos_organizadas/03_quadradas_galeria/4193580340673282.jpg
239184334885520.jpg,960,960,1.0,square,Galeria Grid / Eventos,/home/horyu/Projetos/ciclismo_santa_helena_midias/facebook_fotos_organizadas/03_quadradas_galeria/239184334885520.jpg
4183754314989218.jpg,960,540,1.78,thumb,Thumbnail / Ícone,/home/horyu/Projetos/ciclismo_santa_helena_midias/facebook_fotos_organizadas/04_pequenas_thumbnails/4183754314989218.jpg
394376516032967.jpg,960,960,1.0,square,Galeria Grid / Eventos,/home/horyu/Projetos/ciclismo_santa_helena_midias/facebook_fotos_organizadas/03_quadradas_galeria/394376516032967.jpg
248358393968114.jpg,1080,806,1.34,hero,Banner Hero / Carrossel Principal,/home/horyu/Projetos/ciclismo_santa_helena_midias/facebook_fotos_organizadas/01_banners_hero/248358393968114.jpg
614719743998642.jpg,1080,806,1.34,hero,Banner Hero / Carrossel Principal,/home/horyu/Projetos/ciclismo_santa_helena_midias/facebook_fotos_organizadas/01_banners_hero/614719743998642.jpg
3898971540134165.jpg,960,720,1.33,square,Galeria Grid / Eventos,/home/horyu/Projetos/ciclismo_santa_helena_midias/facebook_fotos_organizadas/03_quadradas_galeria/3898971540134165.jpg
310760754394544.jpg,960,696,1.38,square,Galeria Grid / Eventos,/home/horyu/Projetos/ciclismo_santa_helena_midias/facebook_fotos_organizadas/03_quadradas_galeria/310760754394544.jpg
4043410245690293.jpg,600,1136,0.53,mobile,Card Vertical / Mobile Stories,/home/horyu/Projetos/ciclismo_santa_helena_midias/facebook_fotos_organizadas/02_retratos_mobile/4043410245690293.jpg
738095584994390.jpg,960,960,1.0,square,Galeria Grid / Eventos,/home/horyu/Projetos/ciclismo_santa_helena_midias/facebook_fotos_organizadas/03_quadradas_galeria/738095584994390.jpg
244208727716414.jpg,582,498,1.17,thumb,Thumbnail / Ícone,/home/horyu/Projetos/ciclismo_santa_helena_midias/facebook_fotos_organizadas/04_pequenas_thumbnails/244208727716414.jpg
4324850364212945.jpg,1080,710,1.52,hero,Banner Hero / Carrossel Principal,/home/horyu/Projetos/ciclismo_santa_helena_midias/facebook_fotos_organizadas/01_banners_hero/4324850364212945.jpg
3575901202441202.jpg,960,1200,0.8,mobile,Card Vertical / Mobile Stories,/home/horyu/Projetos/ciclismo_santa_helena_midias/facebook_fotos_organizadas/02_retratos_mobile/3575901202441202.jpg
364855638985055.jpg,471,413,1.14,thumb,Thumbnail / Ícone,/home/horyu/Projetos/ciclismo_santa_helena_midias/facebook_fotos_organizadas/04_pequenas_thumbnails/364855638985055.jpg
274474741356479.jpg,1080,743,1.45,hero,Banner Hero / Carrossel Principal,/home/horyu/Projetos/ciclismo_santa_helena_midias/facebook_fotos_organizadas/01_banners_hero/274474741356479.jpg
967195685417711.jpg,1440,1440,1.0,square,Galeria Grid / Eventos,/home/horyu/Projetos/ciclismo_santa_helena_midias/facebook_fotos_organizadas/03_quadradas_galeria/967195685417711.jpg
333264755477477.jpg,960,867,1.11,square,Galeria Grid / Eventos,/home/horyu/Projetos/ciclismo_santa_helena_midias/facebook_fotos_organizadas/03_quadradas_galeria/333264755477477.jpg
4101274026570581.jpg,960,1280,0.75,mobile,Card Vertical / Mobile Stories,/home/horyu/Projetos/ciclismo_santa_helena_midias/facebook_fotos_organizadas/02_retratos_mobile/4101274026570581.jpg
3741577672540220.jpg,960,960,1.0,square,Galeria Grid / Eventos,/home/horyu/Projetos/ciclismo_santa_helena_midias/facebook_fotos_organizadas/03_quadradas_galeria/3741577672540220.jpg
555512306586053.jpg,1080,1080,1.0,square,Galeria Grid / Eventos,/home/horyu/Projetos/ciclismo_santa_helena_midias/facebook_fotos_organizadas/03_quadradas_galeria/555512306586053.jpg
3586222961409026.jpg,1072,1440,0.74,mobile,Card Vertical / Mobile Stories,/home/horyu/Projetos/ciclismo_santa_helena_midias/facebook_fotos_organizadas/02_retratos_mobile/3586222961409026.jpg
4035768813121103.jpg,1440,1080,1.33,hero,Banner Hero / Carrossel Principal,/home/horyu/Projetos/ciclismo_santa_helena_midias/facebook_fotos_organizadas/01_banners_hero/4035768813121103.jpg
555512909919326.jpg,1600,720,2.22,hero,Banner Hero / Carrossel Principal,/home/horyu/Projetos/ciclismo_santa_helena_midias/facebook_fotos_organizadas/01_banners_hero/555512909919326.jpg
3745357992162188.jpg,960,720,1.33,square,Galeria Grid / Eventos,/home/horyu/Projetos/ciclismo_santa_helena_midias/facebook_fotos_organizadas/03_quadradas_galeria/3745357992162188.jpg
522366276567323.jpg,960,696,1.38,square,Galeria Grid / Eventos,/home/horyu/Projetos/ciclismo_santa_helena_midias/facebook_fotos_organizadas/03_quadradas_galeria/522366276567323.jpg
4183753624989287.jpg,590,1280,0.46,thumb,Thumbnail / Ícone,/home/horyu/Projetos/ciclismo_santa_helena_midias/facebook_fotos_organizadas/04_pequenas_thumbnails/4183753624989287.jpg
268245245312762.jpg,720,960,0.75,mobile,Card Vertical / Mobile Stories,/home/horyu/Projetos/ciclismo_santa_helena_midias/facebook_fotos_organizadas/02_retratos_mobile/268245245312762.jpg
967195925417687.jpg,1536,2048,0.75,mobile,Card Vertical / Mobile Stories,/home/horyu/Projetos/ciclismo_santa_helena_midias/facebook_fotos_organizadas/02_retratos_mobile/967195925417687.jpg
364855592318393.jpg,540,368,1.47,thumb,Thumbnail / Ícone,/home/horyu/Projetos/ciclismo_santa_helena_midias/facebook_fotos_organizadas/04_pequenas_thumbnails/364855592318393.jpg
3741579582540029.jpg,960,720,1.33,square,Galeria Grid / Eventos,/home/horyu/Projetos/ciclismo_santa_helena_midias/facebook_fotos_organizadas/03_quadradas_galeria/3741579582540029.jpg
232255468911740.jpg,960,720,1.33,square,Galeria Grid / Eventos,/home/horyu/Projetos/ciclismo_santa_helena_midias/facebook_fotos_organizadas/03_quadradas_galeria/232255468911740.jpg
212508134219807.jpg,1440,1080,1.33,hero,Banner Hero / Carrossel Principal,/home/horyu/Projetos/ciclismo_santa_helena_midias/facebook_fotos_organizadas/01_banners_hero/212508134219807.jpg
3767747646589889.jpg,718,960,0.75,mobile,Card Vertical / Mobile Stories,/home/horyu/Projetos/ciclismo_santa_helena_midias/facebook_fotos_organizadas/02_retratos_mobile/3767747646589889.jpg
743725001098115.jpg,960,960,1.0,square,Galeria Grid / Eventos,/home/horyu/Projetos/ciclismo_santa_helena_midias/facebook_fotos_organizadas/03_quadradas_galeria/743725001098115.jpg
642049444599005.jpg,2048,923,2.22,hero,Banner Hero / Carrossel Principal,/home/horyu/Projetos/ciclismo_santa_helena_midias/facebook_fotos_organizadas/01_banners_hero/642049444599005.jpg
277437261060227.jpg,459,459,1.0,thumb,Thumbnail / Ícone,/home/horyu/Projetos/ciclismo_santa_helena_midias/facebook_fotos_organizadas/04_pequenas_thumbnails/277437261060227.jpg
275712201232733.jpg,960,640,1.5,square,Galeria Grid / Eventos,/home/horyu/Projetos/ciclismo_santa_helena_midias/facebook_fotos_organizadas/03_quadradas_galeria/275712201232733.jpg
685254426945173.jpg,1600,1200,1.33,hero,Banner Hero / Carrossel Principal,/home/horyu/Projetos/ciclismo_santa_helena_midias/facebook_fotos_organizadas/01_banners_hero/685254426945173.jpg
4151177271580256.jpg,1080,908,1.19,square,Galeria Grid / Eventos,/home/horyu/Projetos/ciclismo_santa_helena_midias/facebook_fotos_organizadas/03_quadradas_galeria/4151177271580256.jpg
3651503628214292.jpg,1440,1031,1.4,hero,Banner Hero / Carrossel Principal,/home/horyu/Projetos/ciclismo_santa_helena_midias/facebook_fotos_organizadas/01_banners_hero/3651503628214292.jpg
4144948052203178.jpg,768,960,0.8,mobile,Card Vertical / Mobile Stories,/home/horyu/Projetos/ciclismo_santa_helena_midias/facebook_fotos_organizadas/02_retratos_mobile/4144948052203178.jpg
305875631549723.jpg,1024,1280,0.8,mobile,Card Vertical / Mobile Stories,/home/horyu/Projetos/ciclismo_santa_helena_midias/facebook_fotos_organizadas/02_retratos_mobile/305875631549723.jpg
3658878874143434.jpg,960,720,1.33,square,Galeria Grid / Eventos,/home/horyu/Projetos/ciclismo_santa_helena_midias/facebook_fotos_organizadas/03_quadradas_galeria/3658878874143434.jpg
4261112973920018.jpg,960,573,1.68,thumb,Thumbnail / Ícone,/home/horyu/Projetos/ciclismo_santa_helena_midias/facebook_fotos_organizadas/04_pequenas_thumbnails/4261112973920018.jpg
743724391098176.jpg,960,960,1.0,square,Galeria Grid / Eventos,/home/horyu/Projetos/ciclismo_santa_helena_midias/facebook_fotos_organizadas/03_quadradas_galeria/743724391098176.jpg
3993620460669272.jpg,960,960,1.0,square,Galeria Grid / Eventos,/home/horyu/Projetos/ciclismo_santa_helena_midias/facebook_fotos_organizadas/03_quadradas_galeria/3993620460669272.jpg
3741579302540057.jpg,960,720,1.33,square,Galeria Grid / Eventos,/home/horyu/Projetos/ciclismo_santa_helena_midias/facebook_fotos_organizadas/03_quadradas_galeria/3741579302540057.jpg
243691931101427.jpg,960,704,1.36,square,Galeria Grid / Eventos,/home/horyu/Projetos/ciclismo_santa_helena_midias/facebook_fotos_organizadas/03_quadradas_galeria/243691931101427.jpg
614719907331959.jpg,1080,752,1.44,hero,Banner Hero / Carrossel Principal,/home/horyu/Projetos/ciclismo_santa_helena_midias/facebook_fotos_organizadas/01_banners_hero/614719907331959.jpg
4033683336662984.jpg,765,765,1.0,square,Galeria Grid / Eventos,/home/horyu/Projetos/ciclismo_santa_helena_midias/facebook_fotos_organizadas/03_quadradas_galeria/4033683336662984.jpg
4347244701973511.jpg,768,960,0.8,mobile,Card Vertical / Mobile Stories,/home/horyu/Projetos/ciclismo_santa_helena_midias/facebook_fotos_organizadas/02_retratos_mobile/4347244701973511.jpg
299414872195799.jpg,960,720,1.33,square,Galeria Grid / Eventos,/home/horyu/Projetos/ciclismo_santa_helena_midias/facebook_fotos_organizadas/03_quadradas_galeria/299414872195799.jpg
4151807481517235.jpg,365,365,1.0,thumb,Thumbnail / Ícone,/home/horyu/Projetos/ciclismo_santa_helena_midias/facebook_fotos_organizadas/04_pequenas_thumbnails/4151807481517235.jpg
211092197694734.jpg,858,960,0.89,square,Galeria Grid / Eventos,/home/horyu/Projetos/ciclismo_santa_helena_midias/facebook_fotos_organizadas/03_quadradas_galeria/211092197694734.jpg
216127343857886.jpg,960,720,1.33,square,Galeria Grid / Eventos,/home/horyu/Projetos/ciclismo_santa_helena_midias/facebook_fotos_organizadas/03_quadradas_galeria/216127343857886.jpg
3600981729933149.jpg,1079,845,1.28,hero,Banner Hero / Carrossel Principal,/home/horyu/Projetos/ciclismo_santa_helena_midias/facebook_fotos_organizadas/01_banners_hero/3600981729933149.jpg
402957241841561.jpg,960,720,1.33,square,Galeria Grid / Eventos,/home/horyu/Projetos/ciclismo_santa_helena_midias/facebook_fotos_organizadas/03_quadradas_galeria/402957241841561.jpg
216127410524546.jpg,960,486,1.98,thumb,Thumbnail / Ícone,/home/horyu/Projetos/ciclismo_santa_helena_midias/facebook_fotos_organizadas/04_pequenas_thumbnails/216127410524546.jpg
555513243252626.jpg,1600,720,2.22,hero,Banner Hero / Carrossel Principal,/home/horyu/Projetos/ciclismo_santa_helena_midias/facebook_fotos_organizadas/01_banners_hero/555513243252626.jpg
3710074969023824.jpg,960,720,1.33,square,Galeria Grid / Eventos,/home/horyu/Projetos/ciclismo_santa_helena_midias/facebook_fotos_organizadas/03_quadradas_galeria/3710074969023824.jpg
243691987768088.jpg,960,708,1.36,square,Galeria Grid / Eventos,/home/horyu/Projetos/ciclismo_santa_helena_midias/facebook_fotos_organizadas/03_quadradas_galeria/243691987768088.jpg
533546908782593.jpg,1024,1280,0.8,mobile,Card Vertical / Mobile Stories,/home/horyu/Projetos/ciclismo_santa_helena_midias/facebook_fotos_organizadas/02_retratos_mobile/533546908782593.jpg
3927157000648952.jpg,960,960,1.0,square,Galeria Grid / Eventos,/home/horyu/Projetos/ciclismo_santa_helena_midias/facebook_fotos_organizadas/03_quadradas_galeria/3927157000648952.jpg
294365882700698.jpg,960,720,1.33,square,Galeria Grid / Eventos,/home/horyu/Projetos/ciclismo_santa_helena_midias/facebook_fotos_organizadas/03_quadradas_galeria/294365882700698.jpg
268248011979152.jpg,960,720,1.33,square,Galeria Grid / Eventos,/home/horyu/Projetos/ciclismo_santa_helena_midias/facebook_fotos_organizadas/03_quadradas_galeria/268248011979152.jpg
253424233461530.jpg,960,720,1.33,square,Galeria Grid / Eventos,/home/horyu/Projetos/ciclismo_santa_helena_midias/facebook_fotos_organizadas/03_quadradas_galeria/253424233461530.jpg
210322447771709.jpg,1080,652,1.66,hero,Banner Hero / Carrossel Principal,/home/horyu/Projetos/ciclismo_santa_helena_midias/facebook_fotos_organizadas/01_banners_hero/210322447771709.jpg
521227203347897.jpg,1080,806,1.34,hero,Banner Hero / Carrossel Principal,/home/horyu/Projetos/ciclismo_santa_helena_midias/facebook_fotos_organizadas/01_banners_hero/521227203347897.jpg
3781836481847672.jpg,960,720,1.33,square,Galeria Grid / Eventos,/home/horyu/Projetos/ciclismo_santa_helena_midias/facebook_fotos_organizadas/03_quadradas_galeria/3781836481847672.jpg
3710074705690517.jpg,960,925,1.04,square,Galeria Grid / Eventos,/home/horyu/Projetos/ciclismo_santa_helena_midias/facebook_fotos_organizadas/03_quadradas_galeria/3710074705690517.jpg
319147776889175.jpg,1080,883,1.22,square,Galeria Grid / Eventos,/home/horyu/Projetos/ciclismo_santa_helena_midias/facebook_fotos_organizadas/03_quadradas_galeria/319147776889175.jpg
4171317166232933.jpg,1080,710,1.52,hero,Banner Hero / Carrossel Principal,/home/horyu/Projetos/ciclismo_santa_helena_midias/facebook_fotos_organizadas/01_banners_hero/4171317166232933.jpg
4324368524261129.jpg,960,689,1.39,square,Galeria Grid / Eventos,/home/horyu/Projetos/ciclismo_santa_helena_midias/facebook_fotos_organizadas/03_quadradas_galeria/4324368524261129.jpg
967195825417697.jpg,1440,1440,1.0,square,Galeria Grid / Eventos,/home/horyu/Projetos/ciclismo_santa_helena_midias/facebook_fotos_organizadas/03_quadradas_galeria/967195825417697.jpg
394376679366284.jpg,960,960,1.0,square,Galeria Grid / Eventos,/home/horyu/Projetos/ciclismo_santa_helena_midias/facebook_fotos_organizadas/03_quadradas_galeria/394376679366284.jpg
3931879230176729.jpg,768,768,1.0,square,Galeria Grid / Eventos,/home/horyu/Projetos/ciclismo_santa_helena_midias/facebook_fotos_organizadas/03_quadradas_galeria/3931879230176729.jpg
4324368817594433.jpg,960,738,1.3,square,Galeria Grid / Eventos,/home/horyu/Projetos/ciclismo_santa_helena_midias/facebook_fotos_organizadas/03_quadradas_galeria/4324368817594433.jpg
3879238715440781.jpg,1080,810,1.33,hero,Banner Hero / Carrossel Principal,/home/horyu/Projetos/ciclismo_santa_helena_midias/facebook_fotos_organizadas/01_banners_hero/3879238715440781.jpg
3948129535218365.jpg,960,720,1.33,square,Galeria Grid / Eventos,/home/horyu/Projetos/ciclismo_santa_helena_midias/facebook_fotos_organizadas/03_quadradas_galeria/3948129535218365.jpg
243692154434738.jpg,960,699,1.37,square,Galeria Grid / Eventos,/home/horyu/Projetos/ciclismo_santa_helena_midias/facebook_fotos_organizadas/03_quadradas_galeria/243692154434738.jpg
3809246522440001.jpg,1080,1350,0.8,mobile,Card Vertical / Mobile Stories,/home/horyu/Projetos/ciclismo_santa_helena_midias/facebook_fotos_organizadas/02_retratos_mobile/3809246522440001.jpg
4080336218664362.jpg,1511,2000,0.76,mobile,Card Vertical / Mobile Stories,/home/horyu/Projetos/ciclismo_santa_helena_midias/facebook_fotos_organizadas/02_retratos_mobile/4080336218664362.jpg
780236800780268.jpg,900,900,1.0,square,Galeria Grid / Eventos,/home/horyu/Projetos/ciclismo_santa_helena_midias/facebook_fotos_organizadas/03_quadradas_galeria/780236800780268.jpg
4150229288341721.jpg,960,764,1.26,square,Galeria Grid / Eventos,/home/horyu/Projetos/ciclismo_santa_helena_midias/facebook_fotos_organizadas/03_quadradas_galeria/4150229288341721.jpg
739354051535210.jpg,1080,1080,1.0,square,Galeria Grid / Eventos,/home/horyu/Projetos/ciclismo_santa_helena_midias/facebook_fotos_organizadas/03_quadradas_galeria/739354051535210.jpg
3659215070776481.jpg,960,640,1.5,square,Galeria Grid / Eventos,/home/horyu/Projetos/ciclismo_santa_helena_midias/facebook_fotos_organizadas/03_quadradas_galeria/3659215070776481.jpg
3978590808838904.jpg,960,960,1.0,square,Galeria Grid / Eventos,/home/horyu/Projetos/ciclismo_santa_helena_midias/facebook_fotos_organizadas/03_quadradas_galeria/3978590808838904.jpg
3781836385181015.jpg,720,900,0.8,mobile,Card Vertical / Mobile Stories,/home/horyu/Projetos/ciclismo_santa_helena_midias/facebook_fotos_organizadas/02_retratos_mobile/3781836385181015.jpg
967195962084350.jpg,1280,853,1.5,hero,Banner Hero / Carrossel Principal,/home/horyu/Projetos/ciclismo_santa_helena_midias/facebook_fotos_organizadas/01_banners_hero/967195962084350.jpg
614719967331953.jpg,1061,585,1.81,thumb,Thumbnail / Ícone,/home/horyu/Projetos/ciclismo_santa_helena_midias/facebook_fotos_organizadas/04_pequenas_thumbnails/614719967331953.jpg
257814743022479.jpg,1440,1080,1.33,hero,Banner Hero / Carrossel Principal,/home/horyu/Projetos/ciclismo_santa_helena_midias/facebook_fotos_organizadas/01_banners_hero/257814743022479.jpg
4261855490512433.jpg,1079,809,1.33,hero,Banner Hero / Carrossel Principal,/home/horyu/Projetos/ciclismo_santa_helena_midias/facebook_fotos_organizadas/01_banners_hero/4261855490512433.jpg
237162931754327.jpg,960,720,1.33,square,Galeria Grid / Eventos,/home/horyu/Projetos/ciclismo_santa_helena_midias/facebook_fotos_organizadas/03_quadradas_galeria/237162931754327.jpg
299414598862493.jpg,960,720,1.33,square,Galeria Grid / Eventos,/home/horyu/Projetos/ciclismo_santa_helena_midias/facebook_fotos_organizadas/03_quadradas_galeria/299414598862493.jpg
967195725417707.jpg,720,720,1.0,square,Galeria Grid / Eventos,/home/horyu/Projetos/ciclismo_santa_helena_midias/facebook_fotos_organizadas/03_quadradas_galeria/967195725417707.jpg
4093078494056801.jpg,480,480,1.0,thumb,Thumbnail / Ícone,/home/horyu/Projetos/ciclismo_santa_helena_midias/facebook_fotos_organizadas/04_pequenas_thumbnails/4093078494056801.jpg
4038916852806299.jpg,720,1280,0.56,mobile,Card Vertical / Mobile Stories,/home/horyu/Projetos/ciclismo_santa_helena_midias/facebook_fotos_organizadas/02_retratos_mobile/4038916852806299.jpg
1152527363551208.jpg,1536,2048,0.75,mobile,Card Vertical / Mobile Stories,/home/horyu/Projetos/ciclismo_santa_helena_midias/facebook_fotos_organizadas/02_retratos_mobile/1152527363551208.jpg
742167631253852.jpg,1080,1080,1.0,square,Galeria Grid / Eventos,/home/horyu/Projetos/ciclismo_santa_helena_midias/facebook_fotos_organizadas/03_quadradas_galeria/742167631253852.jpg
4036447689719882.jpg,1080,810,1.33,hero,Banner Hero / Carrossel Principal,/home/horyu/Projetos/ciclismo_santa_helena_midias/facebook_fotos_organizadas/01_banners_hero/4036447689719882.jpg
4235670803130902.jpg,1080,794,1.36,hero,Banner Hero / Carrossel Principal,/home/horyu/Projetos/ciclismo_santa_helena_midias/facebook_fotos_organizadas/01_banners_hero/4235670803130902.jpg
4309433479087967.jpg,1080,669,1.61,hero,Banner Hero / Carrossel Principal,/home/horyu/Projetos/ciclismo_santa_helena_midias/facebook_fotos_organizadas/01_banners_hero/4309433479087967.jpg
216634920473795.jpg,1080,581,1.86,thumb,Thumbnail / Ícone,/home/horyu/Projetos/ciclismo_santa_helena_midias/facebook_fotos_organizadas/04_pequenas_thumbnails/216634920473795.jpg
627780509359232.jpg,1200,1600,0.75,mobile,Card Vertical / Mobile Stories,/home/horyu/Projetos/ciclismo_santa_helena_midias/facebook_fotos_organizadas/02_retratos_mobile/627780509359232.jpg
3683565971674724.jpg,899,1599,0.56,mobile,Card Vertical / Mobile Stories,/home/horyu/Projetos/ciclismo_santa_helena_midias/facebook_fotos_organizadas/02_retratos_mobile/3683565971674724.jpg
273743291429624.jpg,720,900,0.8,mobile,Card Vertical / Mobile Stories,/home/horyu/Projetos/ciclismo_santa_helena_midias/facebook_fotos_organizadas/02_retratos_mobile/273743291429624.jpg
3767747766589877.jpg,960,718,1.34,square,Galeria Grid / Eventos,/home/horyu/Projetos/ciclismo_santa_helena_midias/facebook_fotos_organizadas/03_quadradas_galeria/3767747766589877.jpg
246296570840963.jpg,1080,1350,0.8,mobile,Card Vertical / Mobile Stories,/home/horyu/Projetos/ciclismo_santa_helena_midias/facebook_fotos_organizadas/02_retratos_mobile/246296570840963.jpg
214350514035569.jpg,1074,604,1.78,hero,Banner Hero / Carrossel Principal,/home/horyu/Projetos/ciclismo_santa_helena_midias/facebook_fotos_organizadas/01_banners_hero/214350514035569.jpg
279723524164934.jpg,960,503,1.91,thumb,Thumbnail / Ícone,/home/horyu/Projetos/ciclismo_santa_helena_midias/facebook_fotos_organizadas/04_pequenas_thumbnails/279723524164934.jpg
3879233332107986.jpg,904,473,1.91,thumb,Thumbnail / Ícone,/home/horyu/Projetos/ciclismo_santa_helena_midias/facebook_fotos_organizadas/04_pequenas_thumbnails/3879233332107986.jpg
4353694544661860.jpg,720,960,0.75,mobile,Card Vertical / Mobile Stories,/home/horyu/Projetos/ciclismo_santa_helena_midias/facebook_fotos_organizadas/02_retratos_mobile/4353694544661860.jpg
275712161232737.jpg,960,720,1.33,square,Galeria Grid / Eventos,/home/horyu/Projetos/ciclismo_santa_helena_midias/facebook_fotos_organizadas/03_quadradas_galeria/275712161232737.jpg
262524195884867.jpg,540,960,0.56,thumb,Thumbnail / Ícone,/home/horyu/Projetos/ciclismo_santa_helena_midias/facebook_fotos_organizadas/04_pequenas_thumbnails/262524195884867.jpg
239184248218862.jpg,960,960,1.0,square,Galeria Grid / Eventos,/home/horyu/Projetos/ciclismo_santa_helena_midias/facebook_fotos_organizadas/03_quadradas_galeria/239184248218862.jpg
4077004985664152.jpg,960,720,1.33,square,Galeria Grid / Eventos,/home/horyu/Projetos/ciclismo_santa_helena_midias/facebook_fotos_organizadas/03_quadradas_galeria/4077004985664152.jpg
3714899565208031.jpg,960,720,1.33,square,Galeria Grid / Eventos,/home/horyu/Projetos/ciclismo_santa_helena_midias/facebook_fotos_organizadas/03_quadradas_galeria/3714899565208031.jpg
3586211461410176.jpg,1612,2015,0.8,mobile,Card Vertical / Mobile Stories,/home/horyu/Projetos/ciclismo_santa_helena_midias/facebook_fotos_organizadas/02_retratos_mobile/3586211461410176.jpg
243811694422784.jpg,1080,778,1.39,hero,Banner Hero / Carrossel Principal,/home/horyu/Projetos/ciclismo_santa_helena_midias/facebook_fotos_organizadas/01_banners_hero/243811694422784.jpg
236220561848564.jpg,1080,787,1.37,hero,Banner Hero / Carrossel Principal,/home/horyu/Projetos/ciclismo_santa_helena_midias/facebook_fotos_organizadas/01_banners_hero/236220561848564.jpg
4077005768997407.jpg,960,720,1.33,square,Galeria Grid / Eventos,/home/horyu/Projetos/ciclismo_santa_helena_midias/facebook_fotos_organizadas/03_quadradas_galeria/4077005768997407.jpg
3906251879406131.jpg,1440,1080,1.33,hero,Banner Hero / Carrossel Principal,/home/horyu/Projetos/ciclismo_santa_helena_midias/facebook_fotos_organizadas/01_banners_hero/3906251879406131.jpg
374191831384769.jpg,1280,905,1.41,hero,Banner Hero / Carrossel Principal,/home/horyu/Projetos/ciclismo_santa_helena_midias/facebook_fotos_organizadas/01_banners_hero/374191831384769.jpg
311402250997061.jpg,1024,1280,0.8,mobile,Card Vertical / Mobile Stories,/home/horyu/Projetos/ciclismo_santa_helena_midias/facebook_fotos_organizadas/02_retratos_mobile/311402250997061.jpg
443932987743986.jpg,672,444,1.51,thumb,Thumbnail / Ícone,/home/horyu/Projetos/ciclismo_santa_helena_midias/facebook_fotos_organizadas/04_pequenas_thumbnails/443932987743986.jpg
239184168218870.jpg,960,960,1.0,square,Galeria Grid / Eventos,/home/horyu/Projetos/ciclismo_santa_helena_midias/facebook_fotos_organizadas/03_quadradas_galeria/239184168218870.jpg
620805123390104.jpg,960,521,1.84,thumb,Thumbnail / Ícone,/home/horyu/Projetos/ciclismo_santa_helena_midias/facebook_fotos_organizadas/04_pequenas_thumbnails/620805123390104.jpg
231538755650078.jpg,1080,740,1.46,hero,Banner Hero / Carrossel Principal,/home/horyu/Projetos/ciclismo_santa_helena_midias/facebook_fotos_organizadas/01_banners_hero/231538755650078.jpg
3898971986800787.jpg,960,720,1.33,square,Galeria Grid / Eventos,/home/horyu/Projetos/ciclismo_santa_helena_midias/facebook_fotos_organizadas/03_quadradas_galeria/3898971986800787.jpg
4328180540546594.jpg,1074,798,1.35,hero,Banner Hero / Carrossel Principal,/home/horyu/Projetos/ciclismo_santa_helena_midias/facebook_fotos_organizadas/01_banners_hero/4328180540546594.jpg
394376942699591.jpg,381,381,1.0,thumb,Thumbnail / Ícone,/home/horyu/Projetos/ciclismo_santa_helena_midias/facebook_fotos_organizadas/04_pequenas_thumbnails/394376942699591.jpg
257810893022864.jpg,1440,1080,1.33,hero,Banner Hero / Carrossel Principal,/home/horyu/Projetos/ciclismo_santa_helena_midias/facebook_fotos_organizadas/01_banners_hero/257810893022864.jpg
268246345312652.jpg,720,960,0.75,mobile,Card Vertical / Mobile Stories,/home/horyu/Projetos/ciclismo_santa_helena_midias/facebook_fotos_organizadas/02_retratos_mobile/268246345312652.jpg
216127727191181.jpg,720,960,0.75,mobile,Card Vertical / Mobile Stories,/home/horyu/Projetos/ciclismo_santa_helena_midias/facebook_fotos_organizadas/02_retratos_mobile/216127727191181.jpg
3898971340134185.jpg,960,713,1.35,square,Galeria Grid / Eventos,/home/horyu/Projetos/ciclismo_santa_helena_midias/facebook_fotos_organizadas/03_quadradas_galeria/3898971340134185.jpg
520715176732433.jpg,960,801,1.2,square,Galeria Grid / Eventos,/home/horyu/Projetos/ciclismo_santa_helena_midias/facebook_fotos_organizadas/03_quadradas_galeria/520715176732433.jpg
614719470665336.jpg,1080,584,1.85,thumb,Thumbnail / Ícone,/home/horyu/Projetos/ciclismo_santa_helena_midias/facebook_fotos_organizadas/04_pequenas_thumbnails/614719470665336.jpg
588400699963880.jpg,960,591,1.62,thumb,Thumbnail / Ícone,/home/horyu/Projetos/ciclismo_santa_helena_midias/facebook_fotos_organizadas/04_pequenas_thumbnails/588400699963880.jpg
394376349366317.jpg,960,960,1.0,square,Galeria Grid / Eventos,/home/horyu/Projetos/ciclismo_santa_helena_midias/facebook_fotos_organizadas/03_quadradas_galeria/394376349366317.jpg
4253385324692783.jpg,1440,1080,1.33,hero,Banner Hero / Carrossel Principal,/home/horyu/Projetos/ciclismo_santa_helena_midias/facebook_fotos_organizadas/01_banners_hero/4253385324692783.jpg
4341367589227889.jpg,1071,803,1.33,hero,Banner Hero / Carrossel Principal,/home/horyu/Projetos/ciclismo_santa_helena_midias/facebook_fotos_organizadas/01_banners_hero/4341367589227889.jpg
229578545846099.jpg,960,777,1.24,square,Galeria Grid / Eventos,/home/horyu/Projetos/ciclismo_santa_helena_midias/facebook_fotos_organizadas/03_quadradas_galeria/229578545846099.jpg
710793737724575.jpg,810,810,1.0,square,Galeria Grid / Eventos,/home/horyu/Projetos/ciclismo_santa_helena_midias/facebook_fotos_organizadas/03_quadradas_galeria/710793737724575.jpg
319123016891651.jpg,960,785,1.22,square,Galeria Grid / Eventos,/home/horyu/Projetos/ciclismo_santa_helena_midias/facebook_fotos_organizadas/03_quadradas_galeria/319123016891651.jpg
236452445158709.jpg,1071,803,1.33,hero,Banner Hero / Carrossel Principal,/home/horyu/Projetos/ciclismo_santa_helena_midias/facebook_fotos_organizadas/01_banners_hero/236452445158709.jpg
4288427771188538.jpg,1080,1510,0.72,mobile,Card Vertical / Mobile Stories,/home/horyu/Projetos/ciclismo_santa_helena_midias/facebook_fotos_organizadas/02_retratos_mobile/4288427771188538.jpg
451782653625686.jpg,960,960,1.0,square,Galeria Grid / Eventos,/home/horyu/Projetos/ciclismo_santa_helena_midias/facebook_fotos_organizadas/03_quadradas_galeria/451782653625686.jpg
743724454431503.jpg,900,900,1.0,square,Galeria Grid / Eventos,/home/horyu/Projetos/ciclismo_santa_helena_midias/facebook_fotos_organizadas/03_quadradas_galeria/743724454431503.jpg
206928514777769.jpg,1080,1306,0.83,mobile,Card Vertical / Mobile Stories,/home/horyu/Projetos/ciclismo_santa_helena_midias/facebook_fotos_organizadas/02_retratos_mobile/206928514777769.jpg
275712317899388.jpg,960,533,1.8,thumb,Thumbnail / Ícone,/home/horyu/Projetos/ciclismo_santa_helena_midias/facebook_fotos_organizadas/04_pequenas_thumbnails/275712317899388.jpg
3781838265180827.jpg,720,960,0.75,mobile,Card Vertical / Mobile Stories,/home/horyu/Projetos/ciclismo_santa_helena_midias/facebook_fotos_organizadas/02_retratos_mobile/3781838265180827.jpg
210172437786710.jpg,1078,606,1.78,hero,Banner Hero / Carrossel Principal,/home/horyu/Projetos/ciclismo_santa_helena_midias/facebook_fotos_organizadas/01_banners_hero/210172437786710.jpg
555512506586033.jpg,1080,1080,1.0,square,Galeria Grid / Eventos,/home/horyu/Projetos/ciclismo_santa_helena_midias/facebook_fotos_organizadas/03_quadradas_galeria/555512506586033.jpg
3839422632755723.jpg,960,720,1.33,square,Galeria Grid / Eventos,/home/horyu/Projetos/ciclismo_santa_helena_midias/facebook_fotos_organizadas/03_quadradas_galeria/3839422632755723.jpg
314546244015995.jpg,1080,794,1.36,hero,Banner Hero / Carrossel Principal,/home/horyu/Projetos/ciclismo_santa_helena_midias/facebook_fotos_organizadas/01_banners_hero/314546244015995.jpg
4170514322979884.jpg,960,732,1.31,square,Galeria Grid / Eventos,/home/horyu/Projetos/ciclismo_santa_helena_midias/facebook_fotos_organizadas/03_quadradas_galeria/4170514322979884.jpg
286499516820668.jpg,720,900,0.8,mobile,Card Vertical / Mobile Stories,/home/horyu/Projetos/ciclismo_santa_helena_midias/facebook_fotos_organizadas/02_retratos_mobile/286499516820668.jpg
4353694641328517.jpg,816,709,1.15,square,Galeria Grid / Eventos,/home/horyu/Projetos/ciclismo_santa_helena_midias/facebook_fotos_organizadas/03_quadradas_galeria/4353694641328517.jpg
394376766032942.jpg,378,378,1.0,thumb,Thumbnail / Ícone,/home/horyu/Projetos/ciclismo_santa_helena_midias/facebook_fotos_organizadas/04_pequenas_thumbnails/394376766032942.jpg
310045454466074.jpg,1440,1440,1.0,square,Galeria Grid / Eventos,/home/horyu/Projetos/ciclismo_santa_helena_midias/facebook_fotos_organizadas/03_quadradas_galeria/310045454466074.jpg
3839422489422404.jpg,960,720,1.33,square,Galeria Grid / Eventos,/home/horyu/Projetos/ciclismo_santa_helena_midias/facebook_fotos_organizadas/03_quadradas_galeria/3839422489422404.jpg
555512579919359.jpg,1080,1080,1.0,square,Galeria Grid / Eventos,/home/horyu/Projetos/ciclismo_santa_helena_midias/facebook_fotos_organizadas/03_quadradas_galeria/555512579919359.jpg
